t,phase,crisis,event,elites,elites_near,champions,champions_near,aberrations,close300,near_hp,near_variant_hp
1,Exploration,,,0,0,0,0,0,0,0,0
2,Exploration,,,0,0,0,0,0,0,0,0
3,Exploration,,,0,0,0,0,0,0,0,0
4,Exploration,,,0,0,0,0,0,0,0,0
5,Exploration,,,0,0,0,0,0,0,0,0
6,Exploration,,,0,0,0,0,0,0,0,0
7,Exploration,,,0,0,0,0,0,0,0,0
8,Exploration,,,0,0,0,0,0,0,0,0
9,Exploration,,,0,0,0,0,0,0,100,0
10,Exploration,,,0,0,0,0,0,3,118,0
11,Exploration,,,0,0,0,0,0,2,100,0
12,Exploration,,,0,0,0,0,0,0,137,0
13,Exploration,,,0,0,0,0,0,3,182,0
14,Exploration,,,0,0,0,0,0,5,209,0
15,Exploration,,,0,0,0,0,0,3,227,0
16,Exploration,,,0,0,0,0,0,2,254,0
17,Exploration,,,0,0,0,0,0,2,45,0
18,Exploration,,,0,0,0,0,0,4,150,0
19,Exploration,,,0,0,0,0,0,5,179,0
20,Exploration,,,0,0,0,0,0,4,161,0
21,Exploration,,,0,0,0,0,0,3,153,0
22,Exploration,,,0,0,0,0,0,3,95,0
23,Exploration,,,0,0,0,0,0,1,90,0
24,Exploration,,,0,0,0,0,0,2,154,0
25,Exploration,,,0,0,0,0,0,5,178,0
26,Exploration,,,0,0,0,0,0,8,191,0
27,Exploration,,,0,0,0,0,0,7,174,0
28,Exploration,,,0,0,0,0,0,6,155,0
29,Exploration,,,0,0,0,0,0,0,192,0
30,Exploration,,,0,0,0,0,0,1,174,0
31,Exploration,,,0,0,0,0,0,2,27,0
32,Exploration,,,0,0,0,0,0,3,360,0
33,Exploration,,,0,0,0,0,0,4,387,0
34,Exploration,,,0,0,0,0,0,6,441,0
35,Exploration,,,0,0,0,0,0,1,462,0
36,Exploration,,,0,0,0,0,0,1,263,0
37,Exploration,,,0,0,0,0,0,0,411,0
38,Exploration,,,0,0,0,0,0,5,623,0
39,Exploration,,,0,0,0,0,0,8,697,0
40,Exploration,,,0,0,0,0,0,10,742,0
41,Exploration,,,0,0,0,0,0,10,654,0
42,Exploration,,,0,0,0,0,0,8,589,0
43,Exploration,,,0,0,0,0,0,0,585,0
44,Exploration,,,0,0,0,0,0,5,609,0
45,Exploration,,,0,0,0,0,0,5,682,0
46,Exploration,,,0,0,0,0,0,3,662,0
47,Exploration,,,0,0,0,0,0,2,151,0
48,Exploration,,,0,0,0,0,0,1,550,0
49,Exploration,,,0,0,0,0,0,3,672,0
50,Exploration,,,0,0,0,0,0,3,802,0
51,Exploration,,,0,0,0,0,0,3,985,0
52,Exploration,,,0,0,0,0,0,15,1255,0
53,Exploration,,,0,0,0,0,0,22,1245,0
54,Exploration,,,0,0,0,0,0,10,1226,0
55,Exploration,,,0,0,0,0,0,2,1217,0
56,Exploration,,,0,0,0,0,0,1,589,0
57,Exploration,,,0,0,0,0,0,0,884,0
58,Exploration,,,0,0,0,0,0,8,1057,0
59,Exploration,,,0,0,0,0,0,12,1074,0
60,Exploration,,,0,0,0,0,0,11,966,0
61,Exploration,,,0,0,0,0,0,6,985,0
62,Exploration,,,0,0,0,0,0,1,1217,0
63,Exploration,,,0,0,0,0,0,1,424,0
64,Exploration,,,0,0,0,0,0,5,567,0
65,Exploration,,,0,0,0,0,0,8,596,0
66,Exploration,,,0,0,0,0,0,9,425,0
67,Exploration,,,0,0,0,0,0,11,468,0
68,Exploration,,,0,0,0,0,0,5,446,0
69,Exploration,,,0,0,0,0,0,0,422,0
70,Exploration,,,0,0,0,0,0,2,943,0
71,Exploration,,,0,0,0,0,0,2,1209,0
72,Exploration,,,0,0,0,0,0,8,767,0
73,Exploration,,,0,0,0,0,0,9,725,0
74,Exploration,,,0,0,0,0,0,4,648,0
75,Exploration,,,0,0,0,0,0,6,571,0
76,Exploration,,,0,0,0,0,0,6,513,0
77,Exploration,,,0,0,0,0,0,6,645,0
78,Exploration,,,0,0,0,0,0,8,664,0
79,Exploration,,fallen_relic,0,0,0,0,0,8,616,0
80,Exploration,,fallen_relic,0,0,0,0,0,0,463,0
81,Exploration,,fallen_relic,0,0,0,0,0,2,905,0
82,Exploration,,fallen_relic,0,0,0,0,0,2,934,0
83,Exploration,,fallen_relic,0,0,0,0,0,8,1203,0
84,Exploration,,fallen_relic,0,0,0,0,0,14,1349,0
85,Exploration,,fallen_relic,0,0,0,0,0,20,1498,0
86,Exploration,,,0,0,0,0,0,9,1389,0
87,Exploration,,,0,0,0,0,0,4,1213,0
88,Exploration,,,0,0,0,0,0,9,1302,0
89,Exploration,,,0,0,0,0,0,11,1497,0
90,Exploration,,,1,0,0,0,0,13,1528,0
91,Exploration,,,1,1,0,0,0,6,1013,159
92,Exploration,,,1,1,0,0,0,2,769,150
93,Exploration,,,1,1,0,0,0,1,490,131
94,Exploration,,,1,1,0,0,0,5,1109,121
95,Exploration,,,1,1,0,0,0,5,1254,121
96,Exploration,,,1,1,0,0,0,3,1355,121
97,Exploration,,,1,1,0,0,0,4,1137,121
98,Exploration,,,1,1,0,0,0,4,1201,121
99,Exploration,,,1,1,0,0,0,12,1542,121
100,Exploration,,,1,1,0,0,0,7,1476,121
101,Exploration,,,1,1,0,0,0,4,951,121
102,Exploration,,,1,1,0,0,0,4,675,121
103,Exploration,,,1,0,0,0,0,6,673,0
104,Exploration,,,1,0,0,0,0,9,782,0
105,Exploration,,,1,0,0,0,0,6,1030,0
106,Exploration,,,1,0,0,0,0,13,1021,0
107,Exploration,,,1,0,0,0,0,17,779,0
108,Exploration,,,1,0,0,0,0,20,916,0
109,Exploration,,,0,0,0,0,0,8,1059,0
110,Exploration,,,0,0,0,0,0,1,1086,0
111,Exploration,,,0,0,0,0,0,0,1233,0
112,Exploration,,,0,0,0,0,0,1,1346,0
113,Exploration,,,0,0,0,0,0,5,898,0
114,Exploration,,,0,0,0,0,0,6,1923,0
115,Exploration,,,0,0,0,0,0,13,2206,0
116,Exploration,,,0,0,0,0,0,14,2311,0
117,Exploration,,,0,0,0,0,0,17,2750,0
118,Exploration,,,0,0,0,0,0,24,2832,0
119,Exploration,,,0,0,0,0,0,20,2783,0
120,Exploration,,,0,0,0,0,0,10,2121,0
121,Exploration,,,0,0,0,0,0,14,2448,0
122,Exploration,,,0,0,0,0,0,17,2520,0
123,Exploration,,,0,0,0,0,0,31,2549,0
124,Exploration,,,0,0,0,0,0,21,1374,0
125,Exploration,,,0,0,0,0,0,11,1065,0
126,Exploration,,,0,0,0,0,0,2,795,0
127,Exploration,,,0,0,0,0,0,0,480,0
128,Exploration,,,0,0,0,0,0,1,660,0
129,Exploration,,,0,0,0,0,0,8,751,0
130,Exploration,,,0,0,0,0,0,13,886,0
131,Exploration,,,0,0,0,0,0,11,1091,0
132,Exploration,,,1,1,0,0,0,13,910,157
133,Exploration,,,1,1,0,0,0,8,984,157
134,Exploration,,,1,0,0,0,0,11,721,0
135,Exploration,,,1,0,0,0,0,9,1340,0
136,Exploration,,,1,0,0,0,0,13,1662,0
137,Exploration,,,1,0,0,0,0,18,1820,0
138,Exploration,,,1,1,0,0,0,21,2020,157
139,Exploration,,,1,1,0,0,0,25,2667,157
140,Exploration,,,1,1,0,0,0,35,2421,157
141,Exploration,,,1,1,0,0,0,39,2913,157
142,Exploration,,,1,1,0,0,0,43,2969,151
143,Exploration,,,1,1,0,0,0,39,2714,145
144,Exploration,,,1,1,0,0,0,33,2606,145
145,Exploration,,,1,1,0,0,0,11,2183,145
146,Exploration,,,1,1,0,0,0,2,1327,145
147,Exploration,,,1,1,0,0,0,2,836,145
148,Exploration,,,1,0,0,0,0,2,346,0
149,Exploration,,,1,0,0,0,0,1,892,0
150,Exploration,,,1,0,0,0,0,8,977,0
151,Exploration,,,1,0,0,0,0,8,2844,0
152,Exploration,,,1,0,0,0,0,11,2070,0
153,Exploration,,stampede,1,0,0,0,0,18,2723,0
154,Exploration,,stampede,1,0,0,0,0,21,3650,0
155,Exploration,,stampede,1,1,0,0,0,27,4374,145
156,Exploration,,stampede,1,1,0,0,0,50,4682,145
157,Exploration,,stampede,1,1,0,0,0,76,5345,145
158,Exploration,,stampede,1,1,0,0,0,79,5539,145
159,Exploration,,stampede,1,1,0,0,0,81,5770,145
160,Exploration,,stampede,1,1,0,0,0,81,5758,145
161,Exploration,,stampede,1,1,0,0,0,84,6006,145
162,Exploration,,stampede,1,1,0,0,0,83,6103,145
163,Exploration,,stampede,1,1,0,0,0,84,6083,145
164,Exploration,,stampede,1,1,0,0,0,80,6074,145
165,Exploration,,stampede,1,1,0,0,0,77,5948,145
166,Exploration,,stampede,1,1,0,0,0,78,5618,145
167,Exploration,,stampede,1,1,0,0,0,77,5385,145
168,Exploration,,stampede,1,1,0,0,0,77,5357,145
169,Exploration,,stampede,1,1,0,0,0,77,5348,145
170,Exploration,,stampede,1,1,0,0,0,79,5303,145
171,Exploration,,stampede,1,1,0,0,0,79,5293,145
172,Exploration,,stampede,1,1,0,0,0,80,5281,145
173,Exploration,,stampede,1,1,0,0,0,82,5596,145
174,Exploration,,stampede,2,2,0,0,0,83,5805,364
175,Exploration,,stampede,2,2,0,0,0,81,5910,364
176,Exploration,,stampede,2,2,0,0,0,80,5888,364
177,Exploration,,stampede,2,2,0,0,0,79,5952,364
178,Exploration,,stampede,2,2,0,0,0,79,6009,364
179,Exploration,,,2,2,0,0,0,79,5965,364
180,Exploration,,,2,2,0,0,0,75,6022,364
181,Exploration,,,2,2,0,0,0,77,5983,364
182,Exploration,,,2,2,0,0,0,77,6158,364
183,Exploration,,,2,2,0,0,0,76,6113,364
184,Exploration,,,2,2,0,0,0,76,6094,364
185,Exploration,,,2,2,0,0,0,77,6076,364
186,Exploration,,,2,2,0,0,0,78,6023,364
187,Exploration,,,2,2,0,0,0,78,5975,364
188,Exploration,,,2,2,0,0,0,78,5974,349
189,Exploration,,,2,2,0,0,0,34,6093,349
190,Exploration,,,2,2,0,0,0,15,4778,344
191,Exploration,,,2,1,0,0,0,1,1227,125
192,Exploration,,,2,1,0,0,0,2,1276,125
193,Exploration,,,2,1,0,0,0,2,1518,125
194,Exploration,,,2,1,0,0,0,5,1273,125
195,Exploration,,,2,0,0,0,0,2,1395,0
196,Exploration,,,1,0,0,0,0,3,1886,0
197,Exploration,,,1,0,0,0,0,11,1222,0
198,Exploration,,,1,0,0,0,0,10,1699,0
199,Exploration,,,1,0,0,0,0,8,1635,0
200,Exploration,,,1,0,0,0,0,8,1167,0
201,Exploration,,,1,0,0,0,0,11,1382,0
202,Exploration,,,1,0,0,0,0,9,2216,0
203,Exploration,,,1,0,0,0,0,14,3299,0
204,Exploration,,,0,0,0,0,0,7,3149,0
205,Exploration,,,0,0,0,0,0,4,3729,0
206,Exploration,,,0,0,0,0,0,5,2841,0
207,Exploration,,,0,0,0,0,0,7,2098,0
208,Exploration,,,0,0,0,0,0,7,2206,0
209,Exploration,,,0,0,0,0,0,13,2602,0
210,Exploration,,,0,0,0,0,0,17,2654,0
211,Exploration,,,0,0,0,0,0,16,2869,0
212,Exploration,,,1,0,0,0,0,8,2008,0
213,Exploration,,,1,0,0,0,0,0,2505,0
214,Exploration,,,1,0,0,0,0,8,1543,0
215,Exploration,,,1,0,0,0,0,12,1516,0
216,Exploration,,,1,0,0,0,0,10,1562,0
217,Exploration,,,0,0,0,0,0,9,1793,0
218,Exploration,,,0,0,0,0,0,19,2018,0
219,Exploration,,,0,0,0,0,0,16,1680,0
220,Exploration,warning,,0,0,0,0,0,10,1728,0
221,Exploration,warning,,0,0,0,0,0,12,1718,0
222,Exploration,warning,,0,0,0,0,0,15,1941,0
223,Exploration,warning,,0,0,0,0,0,17,2013,0
224,Exploration,warning,,0,0,0,0,0,15,1239,0
225,Exploration,warning,,0,0,0,0,0,13,1450,0
226,Exploration,warning,,0,0,0,0,0,15,1825,0
227,Exploration,warning,,0,0,0,0,0,17,1916,0
228,Exploration,warning,,0,0,0,0,0,20,1625,0
229,Exploration,warning,,0,0,0,0,0,10,1503,0
230,Exploration,warning,,0,0,0,0,0,8,1658,0
231,Exploration,warning,,0,0,0,0,0,8,1340,0
232,Exploration,warning,,0,0,0,0,0,13,1555,0
233,Exploration,warning,,0,0,0,0,0,24,1698,0
234,Exploration,warning,,0,0,0,0,0,17,1633,0
235,Exploration,warning,,0,0,0,0,0,15,1337,0
236,Exploration,warning,,0,0,0,0,0,13,1767,0
237,Exploration,warning,,0,0,0,0,0,9,1383,0
238,Exploration,warning,,0,0,0,0,0,11,2181,0
239,Exploration,warning,,0,0,0,0,0,16,2375,0
240,Crisis,active,,0,0,0,0,4,11,3377,0
241,Crisis,active,,0,0,0,0,8,12,4913,0
242,Crisis,active,,0,0,0,0,8,28,5218,0
243,Crisis,active,,0,0,0,0,9,30,4609,0
244,Crisis,active,,0,0,0,0,12,14,4867,0
245,Crisis,active,,0,0,0,0,12,18,4893,0
246,Crisis,active,,0,0,0,0,11,32,5363,0
247,Crisis,active,,0,0,0,0,12,32,5777,0
248,Crisis,active,,0,0,0,0,12,40,6429,0
249,Crisis,active,,0,0,0,0,12,59,6851,0
250,Crisis,active,,0,0,0,0,13,62,6647,0
251,Crisis,active,,0,0,0,0,13,66,6726,0
252,Crisis,active,,0,0,0,0,13,62,6863,0
253,Crisis,active,,0,0,0,0,13,49,6790,0
254,Crisis,active,,1,1,0,0,13,38,6504,185
255,Crisis,active,,1,1,0,0,13,25,5282,185
256,Crisis,active,,1,1,0,0,15,11,3268,141
257,Crisis,active,,1,1,0,0,17,16,3036,125
258,Crisis,active,,1,1,0,0,21,24,3992,125
259,Crisis,active,,1,1,0,0,22,26,4470,125
260,Crisis,active,,1,1,0,0,25,26,4903,131
261,Crisis,active,,1,1,0,0,26,28,4530,137
262,Crisis,active,,1,1,0,0,26,36,4950,142
263,Crisis,active,,1,1,0,0,26,51,5377,148
264,Crisis,active,,1,1,0,0,26,62,5712,153
265,Crisis,active,,1,1,0,0,26,45,5308,159
266,Crisis,active,,1,1,0,0,23,26,4972,164
267,Crisis,active,,1,1,0,0,22,41,5629,170
268,Crisis,active,,1,1,0,0,22,45,5866,175
269,Crisis,active,,1,1,0,0,22,31,5075,181
270,Crisis,active,,1,0,0,0,21,12,3134,0
271,Crisis,active,,1,0,0,0,23,18,4331,0
272,Crisis,active,,1,1,0,0,22,27,4882,185
273,Crisis,active,,1,1,0,0,22,26,4561,185
274,Crisis,active,,1,0,0,0,25,22,3875,0
275,Crisis,active,,1,0,0,0,25,21,4342,0
276,Crisis,active,,1,0,0,0,24,33,4431,0
277,Crisis,active,,1,1,0,0,24,42,5037,185
278,Crisis,active,,1,0,0,0,23,37,4514,0
279,Crisis,active,,1,1,0,0,23,38,4846,185
280,Crisis,active,,1,1,0,0,22,42,5193,185
281,Crisis,active,,1,1,0,0,22,52,6523,185
282,Crisis,active,,1,1,0,0,21,31,6533,185
283,Crisis,active,,1,1,0,0,21,14,5232,185
284,Crisis,active,,1,1,0,0,21,2,3476,185
285,Crisis,active,,1,0,0,0,24,2,1945,0
286,Crisis,active,,1,0,0,0,28,8,1914,0
287,Crisis,active,,1,0,0,0,30,21,2765,0
288,Crisis,active,,1,0,0,0,27,13,4727,0
289,Crisis,active,,0,0,0,0,25,15,6244,0
290,Crisis,active,,0,0,0,0,24,20,5670,0
291,Crisis,active,,0,0,0,0,31,23,5673,0
292,Crisis,active,,0,0,0,0,30,22,4592,0
293,Crisis,active,,0,0,0,0,34,22,5921,0
294,Crisis,active,,0,0,0,0,36,30,7036,0
295,Crisis,active,,0,0,0,0,35,40,7196,0
296,Crisis,active,,0,0,0,0,35,40,7235,0
297,Crisis,active,,0,0,0,0,32,21,6597,0
298,Crisis,active,,0,0,0,0,31,18,5645,0
299,Crisis,active,,0,0,0,0,29,21,4056,0
300,Crisis,active,,0,0,0,0,31,17,5455,0
301,Crisis,active,,0,0,0,0,33,22,6224,0
302,Crisis,active,,0,0,0,0,32,25,7090,0
303,Crisis,active,,1,1,0,0,32,50,8535,300
304,Crisis,active,,1,1,0,0,32,62,8522,300
305,Crisis,active,,1,1,0,0,32,61,7756,300
306,Crisis,active,,1,1,0,0,30,29,6321,300
307,Crisis,active,,1,1,0,0,27,5,4456,300
308,Crisis,active,,1,0,0,0,32,5,2262,0
309,Crisis,active,,1,0,0,0,34,10,3111,0
310,Exploration,calm,,1,0,0,0,36,17,5208,0
311,Exploration,calm,,1,0,0,0,36,20,5775,0
312,Exploration,calm,,1,0,0,0,36,37,6184,0
313,Exploration,calm,,1,0,0,0,35,53,6308,0
314,Exploration,calm,,1,0,0,0,32,68,6769,0
315,Exploration,calm,,1,0,0,0,29,70,6864,0
316,Exploration,calm,,1,0,0,0,28,73,6863,0
317,Exploration,calm,,1,0,0,0,27,72,6615,0
318,Exploration,calm,,1,0,0,0,27,67,6746,0
319,Exploration,calm,,1,0,0,0,24,66,6952,0
320,Exploration,calm,,1,0,0,0,23,58,7078,0
321,Exploration,calm,,1,0,0,0,23,57,7334,0
322,Exploration,calm,,1,0,0,0,23,57,7551,0
323,Exploration,calm,,1,0,0,0,23,60,7536,0
324,Exploration,calm,,1,0,0,0,23,58,7570,0
325,Exploration,calm,,1,0,0,0,22,51,7741,0
326,Exploration,calm,,1,0,0,0,22,20,7376,0
327,Exploration,calm,,1,0,0,0,20,32,7469,0
328,Exploration,calm,,1,0,0,0,20,40,7709,0
329,Exploration,calm,,1,0,0,0,19,5,6751,0
330,Exploration,calm,,1,0,0,0,19,0,5529,0
331,Exploration,calm,,1,0,0,0,19,0,6215,0
332,Exploration,calm,,1,0,0,0,19,2,6490,0
333,Exploration,calm,,1,0,0,0,19,3,6658,0
334,Exploration,calm,,1,0,0,0,19,2,2889,0
335,Exploration,calm,,1,0,0,0,19,4,2815,0
336,Exploration,calm,,1,0,0,0,19,2,3550,0
337,Exploration,calm,,1,0,0,0,19,12,5814,0
338,Exploration,calm,,1,0,0,0,19,16,5419,0
339,Exploration,calm,,1,0,0,0,18,16,5872,0
340,Exploration,,,1,0,0,0,15,24,7538,0
341,Exploration,,,1,0,0,0,13,17,6586,0
342,Exploration,,,0,0,0,0,9,15,6006,0
343,Exploration,,,0,0,0,0,7,13,4853,0
344,Exploration,,,0,0,0,0,2,10,5231,0
345,Exploration,,,0,0,0,0,0,20,5298,0
346,Exploration,,,0,0,0,0,0,14,5060,0
347,Exploration,,,0,0,0,0,0,7,4483,0
348,Exploration,,,0,0,0,0,0,12,2885,0
349,Exploration,,,0,0,0,0,0,25,2950,0
350,Exploration,,vigil,0,0,0,0,0,25,4083,0
351,Exploration,,vigil,0,0,0,0,0,30,4728,0
352,Exploration,,vigil,0,0,0,0,0,42,4796,0
353,Exploration,,vigil,0,0,0,0,0,45,5342,0
354,Exploration,,vigil,0,0,0,0,0,52,5594,0
355,Exploration,,vigil,1,1,0,0,0,57,6178,326
356,Exploration,,vigil,1,1,0,0,0,60,6350,326
357,Exploration,,vigil,1,1,0,0,0,66,6572,326
358,Exploration,,vigil,1,1,0,0,0,67,6495,326
359,Exploration,,vigil,1,1,0,0,0,71,6682,326
360,Exploration,,vigil,1,1,0,0,0,68,6512,326
361,Exploration,,vigil,1,1,0,0,0,73,6537,326
362,Exploration,,vigil,1,1,0,0,0,74,6862,326
363,Exploration,,vigil,1,1,0,0,0,74,7206,318
364,Exploration,,vigil,1,1,0,0,0,72,7312,311
365,Exploration,,,1,1,0,0,0,69,6860,293
366,Exploration,,,1,1,0,0,0,71,6804,286
367,Exploration,,,1,1,0,0,0,71,6592,261
368,Exploration,,,1,1,0,0,0,68,6235,226
369,Exploration,,,1,1,0,0,0,33,6541,226
370,Exploration,,,1,1,0,0,0,9,5827,226
371,Exploration,,,1,0,0,0,0,6,2505,0
372,Exploration,,,1,0,0,0,0,10,3332,0
373,Exploration,,,1,0,0,0,0,9,4266,0
374,Exploration,,,1,0,0,0,0,14,5673,0
375,Exploration,,,1,0,0,0,0,20,6397,0
376,Exploration,,,1,0,0,0,0,22,6791,0
377,Exploration,,,1,0,0,0,0,25,7001,0
378,Exploration,,,0,0,0,0,0,22,7133,0
379,Exploration,,,0,0,0,0,0,12,6170,0
380,Exploration,,,0,0,0,0,0,11,4518,0
381,Exploration,,,0,0,0,0,0,14,4620,0
382,Exploration,,,0,0,0,0,0,15,3668,0
383,Exploration,,,0,0,0,0,0,13,6014,0
384,Exploration,,,0,0,0,0,0,18,7154,0
385,Exploration,,,0,0,0,0,0,15,6776,0
386,Exploration,,,0,0,0,0,0,12,5983,0
387,Exploration,,,0,0,0,0,0,7,3418,0
388,Exploration,,,0,0,0,0,0,11,4521,0
389,Exploration,,,0,0,0,0,0,19,5694,0
390,Exploration,,,0,0,0,0,0,19,6840,0
391,Exploration,,,0,0,0,0,0,17,5363,0
392,Exploration,,,0,0,0,0,0,9,3243,0
393,Exploration,,,0,0,0,0,0,5,2561,0
394,Exploration,,,0,0,0,0,0,2,2930,0
395,Exploration,,,0,0,0,0,0,9,4021,0
396,Exploration,,,0,0,0,0,0,18,4952,0
397,Exploration,,,0,0,0,0,0,43,5796,0
398,Exploration,,,0,0,0,0,0,55,6404,0
399,Exploration,,,0,0,0,0,0,59,6678,0
400,Exploration,,,0,0,0,0,0,64,6785,0
401,Exploration,,,0,0,0,0,0,64,7284,0
402,Exploration,,,0,0,0,0,0,73,7333,0
403,Exploration,,,0,0,0,0,0,78,7331,0
404,Exploration,,,0,0,0,0,0,82,7030,0
405,Exploration,,,0,0,0,0,0,78,6794,0
406,Exploration,,,0,0,0,0,0,85,6661,0
407,Exploration,,,0,0,0,0,0,80,6432,0
408,Exploration,,,0,0,0,0,0,82,6430,0
409,Exploration,,,1,1,0,0,0,82,6859,525
410,Exploration,,,1,1,0,0,0,78,6801,525
411,Exploration,,,1,1,0,0,0,77,6926,525
412,Exploration,,,1,1,0,0,0,79,6855,525
413,Exploration,,,1,1,0,0,0,70,7020,525
414,Exploration,,,1,1,0,0,0,26,10670,525
415,Exploration,,,1,1,0,0,0,14,11305,525
416,Exploration,,,1,0,0,0,0,27,7241,0
417,Exploration,,,1,0,0,0,0,27,6899,0
418,Exploration,,,1,0,0,0,0,21,9422,0
419,Exploration,,,1,0,0,0,0,31,10021,0
420,Exploration,,,1,0,0,0,0,42,9927,0
421,Exploration,,,1,0,0,0,0,33,9322,0
422,Exploration,,,1,0,0,0,0,16,7709,0
423,Exploration,,,1,0,0,0,0,2,5568,0
424,Exploration,,,1,0,0,0,0,4,4570,0
425,Exploration,,,1,0,0,0,0,17,5145,0
426,Exploration,,,1,0,0,0,0,23,6711,0
427,Exploration,,,0,0,0,0,0,28,7719,0
428,Exploration,,,0,0,0,0,0,42,8593,0
429,Exploration,,,0,0,0,0,0,47,8677,0
430,Exploration,,,0,0,0,0,0,41,7353,0
431,Exploration,,,0,0,0,0,0,18,7117,0
432,Exploration,,,0,0,0,0,0,12,6860,0
433,Exploration,,,0,0,0,0,0,15,5354,0
434,Exploration,,,0,0,0,0,0,26,5399,0
435,Exploration,,,0,0,0,0,0,20,6492,0
436,Exploration,,,0,0,0,0,0,29,7629,0
437,Exploration,,,0,0,0,0,0,39,8738,0
438,Exploration,,,0,0,0,0,0,47,9177,0
439,Exploration,,,0,0,0,0,0,63,9810,0
440,Exploration,,,0,0,0,0,0,81,9925,0
441,Exploration,,,0,0,0,0,0,90,9932,0
442,Exploration,,,0,0,0,0,0,71,9742,0
443,Exploration,,shard_rain,0,0,0,0,0,26,9099,0
444,Exploration,,shard_rain,0,0,0,0,0,27,7443,0
445,Exploration,,shard_rain,0,0,0,0,0,33,8613,0
446,Exploration,,shard_rain,0,0,0,0,0,37,9344,0
447,Exploration,,shard_rain,0,0,0,0,0,30,9023,0
448,Exploration,,shard_rain,0,0,0,0,0,41,9062,0
449,Exploration,,shard_rain,0,0,0,0,0,55,9642,0
450,Exploration,,shard_rain,0,0,0,0,0,61,9251,0
451,Exploration,,shard_rain,0,0,0,0,0,60,8810,0
452,Exploration,,shard_rain,0,0,0,0,0,56,8798,0
453,Exploration,,shard_rain,1,1,0,0,0,58,9755,650
454,Exploration,,shard_rain,1,1,0,0,0,57,9410,650
455,Exploration,,shard_rain,1,1,0,0,0,61,9370,650
456,Exploration,,shard_rain,1,1,0,0,0,65,9495,650
457,Exploration,,shard_rain,1,1,0,0,0,66,9136,650
458,Exploration,,shard_rain,1,1,0,0,0,64,10121,650
459,Exploration,,shard_rain,1,1,0,0,0,60,9999,650
460,Exploration,,shard_rain,1,1,0,0,0,60,9874,650
461,Exploration,,,1,1,0,0,0,40,9963,642
462,Exploration,,,1,1,0,0,0,38,10498,642
463,Exploration,,,1,1,0,0,0,43,10561,642
464,Exploration,,,1,1,0,0,0,49,10803,642
465,Exploration,,,1,1,0,0,0,64,10737,642
466,Exploration,,,1,1,0,0,0,30,10342,642
467,Exploration,,,1,1,0,0,0,3,9334,642
468,Exploration,,,1,1,0,0,0,2,3863,642
469,Exploration,,,1,0,0,0,0,6,5002,0
470,Exploration,,,1,0,0,0,0,9,6707,0
471,Exploration,,,1,0,0,0,0,9,9429,0
472,Exploration,,,1,0,0,0,0,9,10279,0
473,Exploration,,,1,0,0,0,0,7,8634,0
474,Exploration,,,1,0,0,0,0,21,9301,0
475,Exploration,,,1,0,0,0,0,20,9630,0
476,Exploration,,,0,0,0,0,0,19,11294,0
477,Exploration,,,0,0,0,0,0,15,11427,0
478,Exploration,,,0,0,0,0,0,13,8923,0
479,Exploration,,,0,0,0,0,0,10,10537,0
480,Exploration,,,0,0,0,0,0,12,10013,0
481,Exploration,,,0,0,0,0,0,17,6596,0
482,Exploration,,,0,0,0,0,0,15,7100,0
483,Exploration,,,0,0,0,0,0,20,8619,0
484,Exploration,,,0,0,0,0,0,17,7425,0
485,Exploration,,,0,0,0,0,0,22,9590,0
486,Exploration,,,0,0,0,0,0,43,11598,0
487,Exploration,,,0,0,0,0,0,48,13170,0
488,Exploration,,,0,0,0,0,0,59,13856,0
489,Exploration,,,0,0,0,0,0,67,14357,0
490,Exploration,warning,,0,0,0,0,0,88,14006,0
491,Exploration,warning,,0,0,0,0,0,96,13717,0
492,Exploration,warning,,0,0,0,0,0,102,13521,0
493,Exploration,warning,,1,1,0,0,0,101,13671,763
494,Exploration,warning,,1,1,0,0,0,100,13211,763
495,Exploration,warning,,1,1,0,0,0,93,13296,763
496,Exploration,warning,,1,1,0,0,0,89,12836,763
497,Exploration,warning,,1,1,0,0,0,88,13023,763
498,Exploration,warning,,1,1,0,0,0,87,13892,763
499,Exploration,warning,,1,1,0,0,0,91,13498,763
500,Exploration,warning,,1,1,0,0,0,87,13200,763
501,Exploration,warning,,1,1,0,0,0,77,12929,763
502,Exploration,warning,,1,1,0,0,0,22,11189,763
503,Exploration,warning,,1,0,0,0,0,0,8159,0
504,Exploration,warning,,1,0,0,0,0,4,8307,0
505,Exploration,warning,,1,0,0,0,0,10,8662,0
506,Exploration,warning,,1,0,0,0,0,13,12017,0
507,Exploration,warning,,1,0,0,0,0,19,14720,0
508,Exploration,warning,,1,0,0,0,0,22,18627,0
509,Exploration,warning,,1,0,0,0,0,12,14998,0
510,Crisis,active,,1,0,0,0,1,26,25000,0
511,Crisis,active,,1,0,0,0,4,36,31142,0
512,Crisis,active,,1,0,0,0,7,50,34503,0
513,Crisis,active,,1,0,0,0,10,53,26604,0
514,Crisis,active,,0,0,0,0,16,44,18960,0
515,Crisis,active,,0,0,0,0,19,31,19080,0
516,Crisis,active,,0,0,0,0,20,18,14846,0
517,Crisis,active,,0,0,0,0,23,62,19214,0
518,Crisis,active,,0,0,0,0,23,85,23578,0
519,Crisis,active,,0,0,0,0,24,78,19303,0
520,Crisis,active,,0,0,0,0,27,89,23891,0
521,Crisis,active,,0,0,0,0,28,100,25931,0
522,Crisis,active,,0,0,0,0,28,120,27963,0
523,Crisis,active,,0,0,0,0,28,123,27914,0
524,Crisis,active,,0,0,0,0,29,117,27951,0
525,Crisis,active,,0,0,0,0,29,99,28632,0
526,Crisis,active,,0,0,0,0,29,33,33041,0
527,Crisis,active,,0,0,0,0,30,97,35569,0
528,Crisis,active,,0,0,0,0,30,118,36569,0
529,Crisis,active,,0,0,0,0,30,119,37995,0
530,Crisis,active,,0,0,0,0,30,76,17817,0
531,Crisis,active,,0,0,0,0,38,15,12679,0
532,Crisis,active,,0,0,0,0,41,23,13241,0
533,Crisis,active,,0,0,0,0,40,57,17454,0
534,Crisis,active,,0,0,0,0,40,95,18324,0
535,Crisis,active,,1,1,0,0,40,103,18570,755
536,Crisis,active,,1,0,0,0,41,52,18711,0
537,Crisis,active,,1,0,0,0,39,27,14745,0
538,Crisis,active,,1,0,0,0,44,16,11868,0
539,Crisis,active,,1,0,0,0,46,18,15286,0
540,Crisis,active,,1,0,0,0,47,21,14705,0
541,Crisis,active,,1,0,0,0,48,29,15030,0
542,Crisis,active,,1,0,0,0,49,21,15262,0
543,Crisis,active,,1,0,0,0,50,20,17783,0
544,Crisis,active,,1,0,0,0,54,30,25722,0
545,Crisis,active,,1,0,0,0,54,47,31481,0
546,Crisis,active,,1,0,0,0,54,71,34405,0
547,Crisis,active,,0,0,0,0,53,76,30858,0
548,Crisis,active,,0,0,0,0,52,36,23952,0
549,Crisis,active,,0,0,0,0,53,16,16035,0
550,Crisis,active,,0,0,0,0,52,28,19641,0
551,Crisis,active,,0,0,0,0,52,53,23781,0
552,Crisis,active,,0,0,0,0,52,105,29373,0
553,Crisis,active,,0,0,0,0,51,88,25195,0
554,Crisis,active,,0,0,0,0,51,47,19485,0
555,Crisis,active,,0,0,0,0,50,12,16507,0
556,Crisis,active,,0,0,0,0,48,18,14845,0
557,Crisis,active,,0,0,0,0,50,25,18019,0
558,Crisis,active,,0,0,0,0,52,29,21304,0
559,Crisis,active,,0,0,0,0,53,50,29223,0
560,Crisis,active,,0,0,0,0,53,138,33404,0
561,Crisis,active,,0,0,0,0,53,195,34848,0
562,Crisis,active,,0,0,0,0,53,162,38692,0
563,Crisis,active,,0,0,0,0,53,161,37003,0
564,Crisis,active,,0,0,0,0,54,150,32501,0
565,Crisis,active,,0,0,0,0,54,115,31365,0
566,Crisis,active,,0,0,0,0,54,21,29247,0
567,Crisis,active,,0,0,0,0,54,8,12630,0
568,Crisis,active,,0,0,0,0,54,2,7237,0
569,Crisis,active,,0,0,0,0,57,4,7447,0
570,Crisis,active,,0,0,0,0,60,19,14207,0
571,Crisis,active,,0,0,0,0,61,24,15820,0
572,Crisis,active,,0,0,0,0,63,20,15133,0
573,Crisis,active,,0,0,0,0,63,17,14530,0
574,Crisis,active,,0,0,0,0,69,22,12065,0
575,Crisis,active,,0,0,0,0,70,32,18078,0
576,Crisis,active,,0,0,0,0,74,47,22811,0
577,Crisis,active,,0,0,0,0,76,53,21860,0
578,Crisis,active,,0,0,0,0,79,44,29262,0
579,Crisis,active,,0,0,0,0,69,42,37434,0
580,Exploration,calm,,0,0,0,0,57,41,35012,0
581,Exploration,calm,,1,1,0,0,57,41,32039,721
582,Exploration,calm,,1,1,0,0,56,72,39247,721
583,Exploration,calm,,1,1,0,0,55,94,44756,717
584,Exploration,calm,,1,1,0,0,55,94,44159,712
585,Exploration,calm,,1,1,0,0,53,85,44700,712
586,Exploration,calm,,1,1,0,0,52,87,47490,712
587,Exploration,calm,,1,1,0,0,51,96,48477,712
588,Exploration,calm,,1,1,0,0,50,104,49331,702
589,Exploration,calm,,1,1,0,0,50,96,35717,688
590,Exploration,calm,,1,1,0,0,48,63,23024,688
591,Exploration,calm,,1,1,0,0,46,36,16317,688
592,Exploration,calm,,1,1,0,0,46,14,12331,688
593,Exploration,calm,,1,1,0,0,46,44,15179,688
594,Exploration,calm,,1,1,0,0,45,81,17491,683
595,Exploration,calm,,1,1,0,0,45,96,17347,669
596,Exploration,calm,,1,1,0,0,44,62,14543,664
597,Exploration,calm,,1,1,0,0,40,61,13835,664
598,Exploration,calm,,1,1,0,0,39,88,14539,655
599,Exploration,calm,,1,1,0,0,38,117,14991,641
600,Exploration,calm,,1,1,0,0,38,115,15348,641
601,Exploration,calm,,1,1,0,0,38,68,16536,641
602,Exploration,calm,,1,1,0,0,38,65,12749,641
603,Exploration,calm,,1,1,0,0,38,91,12592,641
604,Exploration,calm,,1,1,0,0,35,116,13056,631
605,Exploration,calm,,1,1,0,0,32,115,14029,617
606,Exploration,calm,,1,1,0,0,31,96,12690,607
607,Exploration,calm,,1,1,0,0,31,48,11353,607
608,Exploration,calm,,1,1,0,0,31,23,9088,607
609,Exploration,calm,,1,1,0,0,31,13,14586,607
610,Exploration,,,1,1,0,0,27,11,15061,607
611,Exploration,,,1,1,0,0,27,15,15856,607
612,Exploration,,,1,1,0,0,25,17,15795,607
613,Exploration,,,1,1,0,0,25,18,17143,607
614,Exploration,,,1,1,0,0,24,24,15992,607
615,Exploration,,,1,1,0,0,24,55,21141,607
616,Exploration,,,1,1,0,0,24,86,23629,598
617,Exploration,,,1,1,0,0,24,67,18109,588
618,Exploration,,,1,1,0,0,21,52,14447,588
619,Exploration,,,1,1,0,0,21,75,16728,574
620,Exploration,,hunt,1,1,1,1,20,103,25974,3223
621,Exploration,,hunt,1,1,1,1,20,153,33478,3223
622,Exploration,,hunt,1,1,1,1,20,155,34643,3199
623,Exploration,,hunt,1,1,1,1,20,159,34428,3152
624,Exploration,,hunt,1,1,1,1,20,165,34953,3128
625,Exploration,,hunt,2,2,1,1,19,168,36305,4831
626,Exploration,,hunt,2,2,1,1,19,165,36813,4799
627,Exploration,,hunt,2,2,1,1,16,164,35337,4775
628,Exploration,,hunt,2,2,1,1,16,161,36453,4749
629,Exploration,,hunt,2,2,1,1,15,159,35570,4706
630,Exploration,,hunt,2,2,1,1,15,160,35551,4654
631,Exploration,,hunt,2,2,1,1,14,158,35628,4626
632,Exploration,,hunt,2,2,1,1,13,155,35130,4588
633,Exploration,,hunt,2,2,1,1,11,149,35071,4537
634,Exploration,,hunt,2,2,1,1,10,142,33687,4499
635,Exploration,,hunt,2,2,1,1,8,142,33266,4461
636,Exploration,,hunt,2,2,1,1,6,140,34530,4429
637,Exploration,,hunt,2,2,1,1,5,137,34087,4405
638,Exploration,,hunt,2,2,1,1,5,133,34395,4376
639,Exploration,,hunt,2,2,1,1,4,127,34235,4353
640,Exploration,,hunt,2,2,1,1,2,124,33986,4321
641,Exploration,,hunt,2,2,1,1,2,122,33666,4280
642,Exploration,,hunt,2,2,1,1,2,121,33499,4237
643,Exploration,,hunt,2,2,1,1,2,119,33242,4154
644,Exploration,,hunt,2,2,1,1,2,120,32916,4100
645,Exploration,,hunt,2,2,1,1,2,117,33366,4031
646,Exploration,,hunt,2,2,1,1,2,116,33237,3965
647,Exploration,,hunt,2,2,1,1,2,115,32998,3891
648,Exploration,,hunt,2,2,1,1,2,113,32932,3839
649,Exploration,,hunt,2,2,1,1,2,112,32634,3727
650,Exploration,,hunt,2,2,1,1,2,113,33021,3664
651,Exploration,,hunt,2,2,1,1,2,104,33565,3598
652,Exploration,,hunt,2,2,1,1,2,106,34415,3492
653,Exploration,,hunt,2,2,1,1,1,101,36596,3434
654,Exploration,,hunt,2,2,1,1,0,101,37083,3367
655,Exploration,,hunt,2,2,1,1,0,103,37757,3314
656,Exploration,,hunt,2,2,1,1,0,104,38091,3244
657,Exploration,,hunt,2,2,1,1,0,104,38063,3165
658,Exploration,,hunt,2,2,1,1,0,99,39208,3113
659,Exploration,,hunt,2,2,1,1,0,103,39166,3061
