t,visible,near600,alive,spawned,killed,level,hit_damage,memory,erasure_global,xp_gained,xp_orbs,spawned_hp,damage_dealt,essence_gained
1,0,0,0,0,0,1,0,0.99,0.00,0,0,0,0,0
2,0,0,0,0,0,1,0,0.98,0.00,0,0,0,0,0
3,0,0,0,0,0,1,0,0.97,0.00,0,0,0,0,0
4,0,0,0,0,0,1,0,0.97,0.00,0,0,0,0,0
5,0,0,0,0,0,1,0,0.96,0.00,0,0,0,0,0
6,0,0,0,0,0,1,0,0.95,0.00,0,0,0,0,0
7,0,0,0,0,0,1,0,0.95,0.00,0,0,0,0,0
8,0,0,0,0,0,1,0,0.94,0.00,0,0,0,0,0
9,0,4,7,7,0,1,0,0.93,0.00,0,0,424,0,0
10,3,4,8,8,0,1,0,0.93,0.00,0,0,469,0,0
11,4,5,9,9,0,1,0,0.92,0.00,0,0,515,0,0
12,1,2,10,10,0,1,0,0.92,0.01,0,0,538,19,0
13,1,5,13,13,0,1,0,0.92,0.01,0,0,728,19,0
14,2,4,10,13,0,1,0,0.92,0.01,0,0,728,19,0
15,3,6,13,16,0,1,0,0.92,0.01,0,0,824,38,0
16,7,10,16,20,0,1,5,0.92,0.01,0,0,948,58,0
17,7,10,16,20,0,1,32,0.92,0.01,0,0,948,67,0
18,6,9,15,20,1,1,69,0.92,0.01,8,0,948,86,1
19,7,9,16,21,1,1,69,0.92,0.01,8,0,994,96,1
20,7,9,16,21,1,1,69,0.92,0.01,8,0,994,106,1
21,6,8,13,21,1,1,69,0.92,0.01,8,0,994,106,1
22,3,5,12,21,1,1,69,0.92,0.01,8,0,994,106,1
23,4,9,13,22,1,1,69,0.92,0.01,8,0,1040,106,1
24,6,8,12,22,2,1,69,0.92,0.01,8,1,1040,115,2
25,6,8,12,22,2,1,69,0.92,0.01,8,1,1040,125,2
26,2,7,13,23,2,1,69,0.92,0.01,8,1,1132,125,2
27,3,4,14,25,2,1,69,0.92,0.01,8,1,1202,134,2
28,4,7,17,29,2,1,69,0.92,0.01,8,1,1295,134,2
29,5,8,17,30,2,1,69,0.92,0.01,8,1,1318,144,2
30,5,9,17,30,2,1,79,0.92,0.01,8,1,1318,154,2
31,8,9,17,30,2,1,121,0.92,0.01,8,1,1318,173,2
32,8,9,17,31,3,1,153,0.92,0.01,8,3,1505,182,3
33,7,13,17,31,3,1,185,0.92,0.01,8,3,1505,182,3
34,13,13,17,31,3,1,185,0.91,0.02,14,2,1505,192,3
35,11,13,18,32,3,1,185,0.91,0.02,14,2,1551,211,3
36,8,10,18,32,3,1,185,0.91,0.02,14,2,1551,221,3
37,3,8,18,33,3,1,185,0.91,0.02,14,2,1598,230,3
38,3,9,24,39,3,1,185,0.91,0.02,14,2,2010,240,3
39,3,11,27,45,3,1,185,0.91,0.02,14,2,2464,250,3
40,10,11,24,46,3,1,185,0.91,0.02,14,2,2559,259,3
41,7,11,21,47,3,1,267,0.91,0.02,14,2,2582,278,3
42,6,8,19,49,3,1,267,0.91,0.02,14,2,2771,288,3
43,2,11,18,53,3,1,267,0.91,0.02,14,2,3078,288,3
44,3,8,24,59,3,1,267,0.92,0.02,14,2,3267,288,3
45,4,11,28,64,3,1,267,0.94,0.02,14,2,3503,288,3
46,11,12,26,66,3,1,267,0.95,0.02,14,2,3598,307,3
47,8,12,20,67,3,1,273,0.96,0.02,14,2,3627,326,3
48,10,11,20,71,3,1,273,0.97,0.02,14,2,3741,336,3
49,10,11,19,72,3,1,273,0.98,0.02,14,2,3769,346,3
50,7,10,22,76,3,1,273,0.97,0.02,14,2,3879,365,3
51,5,13,25,81,4,1,273,0.97,0.02,14,3,3998,374,4
52,5,9,22,82,4,1,273,0.96,0.02,14,3,4022,374,4
53,6,11,26,87,4,1,273,0.95,0.02,14,3,4356,374,4
54,7,13,28,91,4,1,273,0.94,0.02,14,3,4528,384,4
55,9,14,26,94,4,1,273,0.93,0.02,14,3,4625,403,4
56,6,10,27,95,4,1,273,0.92,0.03,14,3,4654,422,4
57,8,11,34,102,4,1,290,0.91,0.03,14,3,4954,442,4
58,12,14,39,108,4,1,290,0.90,0.03,14,3,5130,451,4
59,11,16,39,113,4,1,290,0.90,0.03,14,3,5339,470,4
60,10,16,34,114,4,1,290,0.90,0.03,14,3,5435,480,4
61,10,19,33,114,5,1,290,0.89,0.03,14,5,5435,499,5
62,11,19,33,115,6,1,290,0.89,0.03,14,6,5532,509,6
63,14,19,33,115,6,1,290,0.89,0.03,14,6,5532,528,6
64,13,18,32,115,7,1,301,0.89,0.03,22,6,5532,547,7
65,10,19,33,116,7,1,343,0.89,0.03,31,5,5628,557,7
66,6,17,30,119,7,1,343,0.89,0.03,31,5,5846,566,7
67,10,18,28,120,7,1,343,0.89,0.03,31,5,5871,566,7
68,11,19,27,120,7,1,343,0.89,0.03,31,5,5871,566,7
69,12,21,28,121,7,1,343,0.89,0.03,31,5,5895,566,7
70,14,21,27,121,8,1,343,0.89,0.03,31,6,5895,576,8
71,20,24,28,122,8,2,343,0.89,0.03,39,5,5992,586,8
72,21,21,28,122,8,2,350,0.90,0.03,39,5,5992,619,8
73,11,24,29,123,8,2,350,0.90,0.03,55,3,6090,662,8
74,3,22,29,123,8,2,350,0.90,0.03,55,3,6090,662,8
75,1,10,34,128,8,2,350,0.90,0.03,55,3,6294,662,8
76,2,13,46,140,8,2,350,0.90,0.03,55,3,6686,662,8
77,11,23,54,150,8,2,350,0.90,0.03,55,3,6997,682,8
78,16,22,52,150,9,2,350,0.90,0.04,55,5,6997,715,9
79,19,24,52,151,10,2,357,0.90,0.04,66,5,7021,768,10
80,25,35,57,156,10,2,394,0.90,0.04,77,3,7144,778,10
81,25,41,58,157,10,2,416,0.90,0.04,77,3,7169,797,10
82,27,44,56,157,12,3,459,0.90,0.04,140,7,7169,835,17
83,37,44,57,158,12,3,459,0.90,0.04,179,5,7194,883,17
84,38,43,55,158,14,3,552,0.90,0.04,195,6,7194,946,19
85,40,44,55,159,15,3,671,0.90,0.04,204,6,7219,979,20
86,41,46,55,159,15,3,692,0.90,0.04,212,5,7219,1018,20
87,28,36,56,160,15,3,692,0.90,0.04,212,5,7268,1056,20
88,9,23,57,161,15,3,692,0.90,0.04,212,5,7318,1066,20
89,5,11,66,170,15,3,692,0.90,0.04,212,5,7674,1080,20
90,6,20,84,188,15,3,692,0.90,0.04,212,5,8413,1080,20
91,14,21,89,195,15,3,692,0.89,0.04,212,5,8729,1094,20
92,19,26,85,201,15,3,707,0.89,0.04,212,5,8878,1157,20
93,20,24,64,201,15,3,714,0.89,0.04,212,5,8878,1205,20
94,16,21,51,210,16,3,714,0.88,0.04,212,7,9237,1224,21
95,17,19,46,215,16,3,714,0.89,0.04,212,7,9362,1229,21
96,18,25,46,216,16,3,714,0.89,0.04,212,7,9387,1253,27
97,20,27,46,216,16,3,747,0.89,0.04,212,7,9387,1301,27
98,22,27,47,217,16,3,758,0.89,0.04,212,7,9412,1330,27
99,10,21,46,221,16,3,758,0.89,0.04,212,7,9613,1378,27
100,4,21,55,231,16,3,758,0.89,0.05,212,7,10545,1392,27
101,12,24,64,240,16,3,758,0.89,0.05,212,7,11099,1440,27
102,13,23,62,240,17,3,758,0.89,0.05,218,8,11099,1469,28
103,16,30,63,241,17,3,758,0.89,0.05,223,7,11141,1522,28
104,26,42,62,241,18,3,758,0.89,0.05,223,9,11141,1555,29
105,35,43,62,242,19,3,780,0.89,0.05,234,9,11183,1613,30
106,32,39,61,242,20,3,802,0.89,0.05,250,10,11183,1637,31
107,30,39,61,243,21,3,813,0.89,0.05,272,9,11285,1690,32
108,23,38,62,244,21,4,813,0.87,0.05,280,8,11386,1718,32
109,1,26,62,244,21,4,813,0.86,0.05,280,8,11386,1728,32
110,4,6,67,249,21,4,813,0.86,0.05,280,8,11825,1728,32
111,10,18,76,261,21,4,813,0.86,0.05,280,8,12535,1747,32
112,14,27,77,262,21,4,813,0.86,0.05,280,8,12671,1757,32
113,15,45,77,262,21,4,856,0.87,0.05,280,8,12671,1843,32
114,22,35,77,263,21,4,856,0.87,0.05,280,8,12807,1877,32
115,11,30,73,263,21,4,856,0.87,0.05,280,8,12807,1886,32
116,21,37,74,264,21,4,856,0.87,0.05,320,8,12944,1886,47
117,29,40,74,264,21,4,856,0.87,0.05,320,8,12944,1896,47
118,31,47,74,265,22,4,856,0.88,0.05,320,9,13081,1944,48
119,33,48,73,266,24,4,856,0.88,0.05,320,11,13132,1987,57
120,42,51,73,266,24,4,867,0.88,0.05,329,10,13132,2006,57
121,40,49,72,267,26,4,867,0.88,0.06,347,10,13158,2078,59
122,10,38,72,267,26,4,867,0.88,0.06,355,9,13158,2141,59
123,10,45,72,268,27,4,867,0.88,0.06,355,11,13210,2150,60
124,12,43,71,268,27,4,867,0.88,0.06,366,9,13210,2160,60
125,20,49,70,269,27,4,867,0.88,0.06,366,9,13253,2179,60
126,36,48,69,269,28,4,867,0.88,0.06,366,10,13253,2222,61
127,44,49,69,270,29,4,911,0.88,0.06,375,11,13296,2251,62
128,41,48,68,271,31,4,982,0.88,0.06,386,13,13322,2314,64
129,38,47,65,271,34,4,1015,0.88,0.06,428,12,13322,2381,67
130,38,49,64,272,36,4,1095,0.88,0.06,449,12,13348,2462,81
131,38,48,62,272,38,4,1240,0.88,0.06,476,11,13348,2554,83
132,43,47,62,273,39,5,1371,0.88,0.06,498,9,13400,2582,84
133,41,44,61,273,39,5,1371,0.88,0.06,498,9,13400,2666,84
134,36,39,58,274,40,5,1378,0.88,0.06,498,11,13427,2754,85
135,4,10,58,274,40,5,1378,0.88,0.06,498,11,13427,2754,85
136,4,17,73,292,40,5,1378,0.87,0.06,498,11,14073,2754,85
137,12,33,86,307,40,5,1378,0.87,0.06,498,11,14642,2764,85
138,13,26,82,307,40,5,1378,0.87,0.06,498,11,14642,2773,85
139,9,31,83,313,40,5,1378,0.87,0.06,498,11,14888,2783,85
140,10,20,72,315,40,5,1378,0.87,0.06,498,11,14940,2793,85
141,7,19,63,329,41,5,1389,0.86,0.06,498,13,15737,2913,86
142,13,27,67,343,42,5,1389,0.86,0.06,515,13,16419,2952,87
143,20,29,75,351,42,5,1395,0.86,0.07,515,13,16974,2971,87
144,15,28,73,356,43,5,1403,0.86,0.07,515,14,17302,3031,88
145,10,30,80,366,44,5,1403,0.87,0.07,524,15,18007,3081,89
146,13,28,78,371,44,5,1425,0.87,0.07,524,15,18272,3168,89
147,15,26,62,373,44,5,1425,0.87,0.07,524,15,18336,3200,89
148,18,32,62,374,44,5,1425,0.87,0.07,654,15,18368,3243,89
149,21,29,59,374,47,5,1442,0.87,0.07,654,20,18368,3364,92
150,20,23,61,379,48,5,1509,0.87,0.07,676,18,18684,3516,93
151,17,29,66,391,49,5,1509,0.87,0.07,676,20,19281,3552,94
152,23,30,61,392,51,5,1509,0.87,0.07,676,23,19313,3634,104
153,26,32,60,392,52,5,1535,0.87,0.07,701,21,19313,3804,105
154,16,26,58,400,62,6,1564,0.87,0.07,764,24,19623,4013,115
155,20,31,61,411,62,6,1564,0.85,0.07,791,21,20289,4028,115
156,13,29,65,420,63,6,1622,0.85,0.07,791,22,20575,4164,116
157,13,29,67,431,68,6,1622,0.86,0.07,800,26,21025,4366,121
158,22,29,76,443,68,6,1622,0.84,0.07,809,25,21525,4380,121
159,20,30,70,451,69,6,1629,0.86,0.07,809,26,21853,4427,122
160,13,28,70,461,72,6,1647,0.85,0.07,809,29,22548,4588,125
161,11,23,75,474,73,6,1669,0.85,0.07,836,28,23157,4683,126
162,10,56,92,495,77,6,1718,0.85,0.07,853,32,23838,4858,130
163,46,69,92,495,77,6,1744,0.85,0.07,894,27,23838,4948,130
164,37,52,89,496,81,6,1774,0.84,0.08,903,31,23946,5182,134
165,25,37,80,496,87,6,1792,0.84,0.08,910,38,23946,5380,140
166,18,30,74,500,88,6,1792,0.84,0.08,942,36,24298,5459,141
167,21,34,75,506,89,6,1792,0.85,0.08,955,36,24624,5495,142
168,22,29,77,511,91,6,1815,0.86,0.08,983,36,25010,5599,144
169,12,26,64,519,94,7,1821,0.86,0.08,996,39,25348,5777,147
170,11,30,66,530,95,7,1833,0.86,0.08,996,40,25805,5832,148
171,17,37,65,537,97,7,1839,0.86,0.08,1032,39,26002,5940,150
172,21,48,62,537,100,7,1857,0.86,0.08,1075,39,26002,6023,153
173,24,42,62,538,101,7,1863,0.86,0.08,1096,38,26111,6127,154
174,17,33,53,539,107,7,1863,0.86,0.08,1109,48,26221,6306,160
175,13,28,57,546,108,7,1863,0.86,0.08,1174,40,26522,6338,161
176,11,26,62,555,109,7,1870,0.86,0.08,1174,41,26857,6376,162
177,12,38,69,564,111,7,1870,0.86,0.08,1183,43,27351,6453,164
178,36,50,69,565,112,7,1893,0.86,0.08,1192,44,27461,6715,165
179,27,42,66,565,115,7,1920,0.86,0.08,1203,46,27461,6920,172
180,18,36,61,566,119,7,1920,0.86,0.08,1217,48,27494,7077,176
181,19,33,57,569,125,7,1920,0.86,0.08,1226,53,27577,7213,182
182,14,35,56,574,131,7,1935,0.86,0.08,1289,53,27731,7405,188
183,17,36,50,575,138,8,2030,0.86,0.08,1364,54,27759,7667,195
184,15,37,44,577,146,8,2068,0.86,0.09,1406,63,27980,7928,203
185,15,37,44,579,148,8,2079,0.86,0.09,1463,58,28202,8012,205
186,15,38,43,579,149,8,2125,0.86,0.09,1531,49,28202,8075,206
187,17,35,44,581,150,8,2125,0.86,0.09,1587,43,28346,8121,207
188,13,23,45,585,150,8,2125,0.86,0.09,1596,42,28636,8200,207
189,17,28,50,591,150,8,2125,0.86,0.09,1596,42,29038,8368,207
190,23,33,59,600,150,8,2125,0.86,0.09,1596,42,29573,8447,207
191,26,36,58,601,152,9,2125,0.86,0.09,1825,42,29601,8519,209
192,28,40,58,602,153,9,2136,0.86,0.09,1825,44,29713,8561,210
193,21,31,55,602,156,9,2164,0.86,0.09,1850,44,29713,8684,213
194,13,36,63,611,157,9,2164,0.85,0.09,1859,44,30280,8712,214
195,11,17,64,614,158,9,2171,0.85,0.09,1865,44,30459,8810,215
196,10,20,68,619,158,9,2171,0.85,0.09,1874,43,30628,8876,215
197,11,27,73,624,158,9,2171,0.85,0.09,1874,43,31118,8919,215
198,14,34,72,625,160,9,2171,0.85,0.09,1883,44,31230,8966,217
199,26,51,73,626,160,9,2196,0.85,0.09,1892,43,31287,9014,217
200,44,53,73,626,160,9,2196,0.85,0.09,1892,43,31287,9352,217
201,31,44,72,627,162,9,2220,0.85,0.09,1892,49,31343,9535,219
202,36,50,71,627,163,9,2220,0.85,0.09,1892,52,31343,9565,231
203,44,50,71,628,164,9,2243,0.85,0.09,1915,51,31400,9678,232
204,39,59,68,628,167,9,2254,0.85,0.09,1924,55,31400,9767,235
205,41,63,69,629,167,9,2267,0.85,0.10,1953,51,31428,9831,235
206,17,54,69,630,168,9,2267,0.85,0.10,1953,53,31470,9912,236
207,13,21,69,630,168,9,2267,0.85,0.10,1953,53,31470,10038,236
208,5,30,81,643,169,9,2290,0.85,0.10,1953,55,32192,10162,237
209,22,27,93,655,169,9,2290,0.85,0.10,1967,53,32611,10275,237
210,20,35,104,671,173,9,2290,0.85,0.10,1972,59,33341,10547,241
211,16,30,100,683,176,9,2296,0.85,0.10,1972,62,34052,10624,244
212,14,33,87,698,176,9,2296,0.84,0.10,1999,59,34658,10677,244
213,19,40,79,699,178,10,2296,0.84,0.10,2248,61,34715,10779,246
214,22,38,76,700,182,10,2334,0.84,0.10,2285,61,34772,10919,250
215,18,34,72,701,187,10,2353,0.84,0.10,2303,64,34830,11105,255
216,20,33,80,713,188,10,2385,0.84,0.10,2322,64,35480,11298,256
217,17,33,77,727,189,10,2423,0.82,0.10,2322,65,36301,11460,257
218,10,31,79,737,192,10,2436,0.82,0.10,2335,69,37072,11644,260
219,15,29,92,753,193,10,2436,0.83,0.10,2379,65,37980,11690,261
220,22,35,95,769,194,10,2473,0.83,0.10,2388,65,38520,11848,262
221,22,35,93,782,196,10,2479,0.82,0.10,2397,66,39087,11947,264
222,19,35,94,792,198,10,2505,0.82,0.10,2406,69,39490,12065,266
223,18,34,97,803,199,10,2505,0.83,0.10,2406,71,39991,12116,267
224,20,37,83,812,199,10,2505,0.85,0.10,2406,71,40981,12242,267
225,15,34,79,815,201,10,2505,0.85,0.11,2406,75,41074,12493,269
226,14,35,79,825,204,10,2505,0.86,0.11,2429,76,41858,12630,272
227,7,28,80,835,208,10,2540,0.86,0.11,2429,84,42943,12766,276
228,15,34,80,846,208,10,2540,0.87,0.11,2481,78,43367,12804,276
229,20,40,81,847,208,10,2540,0.87,0.11,2481,78,43425,12870,276
230,31,57,81,847,208,10,2540,0.86,0.11,2498,76,43425,12976,276
231,42,63,79,848,211,10,2540,0.86,0.11,2498,79,43484,13078,279
232,47,61,80,850,212,10,2540,0.84,0.11,2498,81,43649,13236,280
233,23,56,79,850,213,10,2561,0.83,0.11,2498,83,43649,13400,281
234,9,48,78,851,215,10,2587,0.83,0.11,2507,85,43679,13548,283
235,6,26,78,854,218,10,2587,0.83,0.11,2507,91,43913,13636,286
236,8,29,89,871,219,10,2587,0.81,0.11,2521,91,44843,13655,287
237,16,27,96,887,221,10,2587,0.83,0.11,2521,93,45743,13766,289
238,23,31,102,904,222,10,2587,0.82,0.11,2521,94,46820,13861,290
239,18,36,105,919,224,10,2587,0.82,0.11,2521,96,48306,13974,292
240,16,46,117,943,224,10,2595,0.81,0.11,2583,89,49701,14067,292
241,29,61,127,960,225,10,2595,0.82,0.11,2583,91,50339,14130,293
242,48,70,135,969,226,10,2612,0.82,0.11,2601,90,50888,14209,294
243,40,70,130,970,232,11,2640,0.82,0.11,2613,95,50970,14540,300
244,46,69,125,971,235,11,2664,0.82,0.12,2643,97,51053,14786,303
245,44,57,126,981,238,11,2664,0.81,0.12,2686,96,51513,14875,306
246,47,69,127,985,239,11,2664,0.81,0.12,3046,94,51786,15017,307
247,49,80,122,986,244,11,2740,0.81,0.12,3051,107,51870,15227,312
248,61,77,120,987,247,11,2761,0.81,0.12,3142,105,52062,15336,315
249,51,58,118,990,250,11,2761,0.81,0.12,3159,109,52224,15532,318
250,54,64,123,999,250,11,2805,0.81,0.12,3159,109,53157,15714,318
251,67,76,122,1000,252,11,2846,0.81,0.12,3159,113,53352,15862,349
252,60,65,107,1001,268,12,2869,0.81,0.12,3253,124,53377,16206,365
253,36,55,111,1018,274,12,2874,0.81,0.12,3305,125,54620,16436,371
254,25,47,124,1037,277,12,2874,0.82,0.12,3305,132,55238,16582,374
255,33,47,131,1058,280,12,2874,0.82,0.12,3305,138,56417,16693,377
256,29,40,128,1075,283,12,2888,0.80,0.12,3317,142,57786,16851,380
257,28,46,142,1092,286,12,2888,0.82,0.13,3317,149,58755,16967,383
258,32,50,142,1109,287,12,2888,0.82,0.13,3323,150,60246,17119,384
259,41,58,140,1126,289,12,2888,0.82,0.13,3339,154,61767,17350,386
260,58,71,138,1135,293,12,2888,0.82,0.13,3421,154,62172,17497,404
261,66,78,136,1136,296,12,2917,0.82,0.13,3461,158,62236,17978,407
262,46,60,128,1137,305,12,2928,0.82,0.13,3568,175,62300,18327,416
263,42,56,134,1153,307,12,2928,0.82,0.13,3704,167,64605,18489,418
264,32,44,138,1170,309,12,2928,0.82,0.13,3704,171,65537,18713,420
265,31,50,152,1187,311,12,2947,0.82,0.13,3704,175,66870,19158,422
266,48,73,160,1202,318,12,2958,0.82,0.13,3775,179,68467,19389,455
267,73,81,159,1203,319,13,2958,0.82,0.13,3837,173,68515,19645,456
268,59,60,157,1206,324,13,2987,0.82,0.13,3856,182,68663,19821,461
269,50,58,171,1225,325,13,2987,0.81,0.13,3918,177,70129,20001,462
270,45,56,161,1248,326,13,2987,0.80,0.14,3918,180,71840,20284,463
271,40,57,171,1266,327,13,2995,0.81,0.14,3918,182,73542,20422,464
272,30,67,177,1283,328,13,2995,0.81,0.14,3918,184,74483,20572,465
273,55,82,175,1286,332,13,2995,0.81,0.14,3965,187,75133,20727,476
274,70,90,170,1287,337,13,3005,0.81,0.14,4001,192,75351,20956,481
275,74,85,165,1290,343,13,3005,0.80,0.14,4102,194,75624,21221,487
276,68,76,156,1293,348,13,3020,0.78,0.14,4172,191,75898,21363,492
277,56,68,149,1301,349,13,3020,0.78,0.14,4190,191,77355,21501,493
278,23,49,155,1319,350,13,3020,0.79,0.14,4219,189,78882,21599,494
279,26,39,160,1336,352,13,3087,0.79,0.14,4219,193,79545,21983,496
280,32,38,153,1353,354,13,3087,0.79,0.14,4219,197,80209,22373,498
281,37,49,157,1370,357,13,3087,0.81,0.14,4219,204,80977,22564,501
282,24,50,148,1387,359,13,3087,0.80,0.14,4219,209,81981,22723,503
283,32,61,140,1404,361,13,3087,0.80,0.15,4260,210,83052,22848,505
284,40,83,153,1417,361,13,3087,0.80,0.15,4332,204,84128,23027,505
285,64,91,153,1418,362,13,3158,0.80,0.15,4332,207,84228,23212,517
286,77,88,146,1419,370,14,3229,0.80,0.15,4489,219,84329,23521,525
287,54,78,143,1427,377,14,3239,0.79,0.15,4537,229,84784,23883,532
288,42,71,137,1440,377,14,3239,0.79,0.15,4537,229,85620,24039,532
289,41,80,135,1451,380,14,3266,0.79,0.15,4543,236,87207,24322,535
290,59,88,132,1452,384,14,3346,0.79,0.15,4606,241,87280,24459,545
291,73,89,126,1453,391,14,3442,0.78,0.15,4689,245,87516,24818,552
292,32,72,129,1463,397,14,3448,0.78,0.15,4719,252,88303,25076,558
293,29,58,136,1480,398,14,3463,0.78,0.15,4731,253,90034,25393,559
294,28,72,139,1492,407,14,3463,0.78,0.15,4731,273,91742,25739,568
295,40,83,136,1493,411,14,3463,0.78,0.15,4884,258,91817,25845,572
296,34,81,134,1494,414,14,3463,0.77,0.16,4915,260,91877,26043,575
297,15,62,138,1499,415,14,3463,0.78,0.16,4921,262,92151,26089,576
298,11,62,154,1516,416,14,3463,0.79,0.16,4921,264,93709,26175,577
299,12,53,164,1533,420,14,3463,0.79,0.16,4921,272,94613,26401,581
300,23,47,169,1550,422,14,3469,0.80,0.16,4945,272,95927,26570,583
301,32,66,174,1567,424,14,3490,0.79,0.16,4957,275,97646,26726,585
302,38,80,175,1575,431,14,3504,0.79,0.16,5018,281,98255,27066,592
303,50,84,169,1576,438,14,3551,0.79,0.16,5119,280,98312,27313,599
304,52,82,164,1579,446,15,3562,0.79,0.16,5209,284,98429,27630,607
305,48,78,157,1580,452,15,3590,0.79,0.16,5325,285,98486,28069,613
306,32,70,149,1593,460,15,3612,0.79,0.16,5471,293,99324,28418,621
307,25,71,151,1612,461,15,3612,0.79,0.16,5523,289,100763,28505,622
308,28,71,153,1629,463,15,3612,0.79,0.16,5523,293,102207,28661,624
309,37,85,157,1636,465,15,3623,0.79,0.17,5566,290,102786,28781,626
310,64,95,156,1637,467,15,3661,0.78,0.17,5572,294,102834,28913,630
311,64,80,146,1637,471,15,3661,0.76,0.17,5592,302,102834,29332,638
312,37,75,139,1638,471,15,3661,0.78,0.17,5673,298,102917,29498,638
313,64,96,147,1649,474,16,3695,0.78,0.17,6281,297,103279,29774,644
314,64,84,134,1649,486,16,3769,0.78,0.17,6430,303,103279,30376,668
315,57,68,109,1650,512,16,3792,0.76,0.17,6521,342,103341,31616,720
316,42,57,94,1654,531,17,3819,0.76,0.17,6888,328,103469,32484,758
317,35,50,85,1655,541,17,3842,0.76,0.17,7227,300,103532,32953,778
318,36,52,85,1657,543,17,3930,0.76,0.17,7358,292,103637,33109,782
319,33,46,88,1664,547,17,3957,0.76,0.17,7375,295,104238,33265,790
320,27,52,98,1676,549,17,3994,0.76,0.17,7423,294,105051,33688,794
321,21,36,97,1688,549,17,3994,0.76,0.17,7439,293,106247,33869,794
322,21,40,105,1705,549,17,3994,0.76,0.17,7485,289,108509,33960,794
323,32,50,107,1722,549,17,4020,0.76,0.17,7485,289,109916,34289,794
324,37,53,111,1732,555,17,4029,0.76,0.17,7509,297,111128,34632,806
325,44,53,107,1733,559,17,4029,0.76,0.17,7565,293,111193,35011,814
326,40,52,105,1738,566,18,4080,0.76,0.17,7605,296,111791,35416,828
327,25,43,112,1751,572,18,4080,0.77,0.17,7634,304,112834,36272,840
328,29,57,118,1767,574,18,4080,0.77,0.18,7690,302,113872,36419,844
329,32,56,107,1767,576,18,4080,0.77,0.18,7773,292,113872,36523,848
330,42,59,105,1768,578,18,4080,0.77,0.18,7798,292,113963,36714,852
331,47,56,105,1771,581,18,4080,0.75,0.18,7820,295,114099,37390,858
332,32,47,99,1775,585,18,4080,0.75,0.18,7851,299,114291,37808,866
333,14,41,103,1792,589,18,4080,0.76,0.18,7910,299,115969,37965,874
334,27,50,112,1808,589,18,4080,0.75,0.18,7984,289,118251,38063,874
335,41,53,108,1812,591,19,4080,0.75,0.18,8651,293,118621,38240,878
336,42,60,108,1813,592,19,4168,0.75,0.18,8678,290,118677,38507,880
337,32,47,111,1821,597,19,4175,0.76,0.18,8688,295,119400,38779,890
338,23,47,125,1838,597,19,4189,0.76,0.18,8720,291,122333,38975,890
339,30,44,130,1854,597,19,4189,0.76,0.18,8740,289,123928,39046,890
340,27,52,136,1871,598,19,4189,0.77,0.18,8740,290,125597,39317,891
341,27,43,128,1886,600,19,4196,0.77,0.18,8740,292,126896,39679,893
342,24,44,120,1902,603,19,4196,0.77,0.18,8750,297,128440,39927,896
343,15,36,113,1919,605,19,4208,0.77,0.18,8770,299,129437,40131,898
344,22,30,105,1935,612,19,4235,0.77,0.18,8852,303,130902,40642,905
345,18,33,108,1952,616,19,4270,0.77,0.18,8898,306,132229,41104,909
346,13,42,110,1969,617,19,4270,0.77,0.18,8971,299,133838,41125,910
347,18,46,114,1985,618,19,4284,0.77,0.19,9008,295,135276,41437,911
348,15,43,103,2002,623,19,4298,0.76,0.19,9039,301,137006,42056,916
349,20,54,103,2006,623,19,4298,0.76,0.19,9141,289,137296,42181,926
350,27,72,109,2013,623,19,4325,0.76,0.19,9141,289,137704,42342,926
351,43,80,106,2014,627,19,4379,0.77,0.19,9141,298,137754,42927,930
352,41,77,99,2014,634,19,4404,0.77,0.19,9263,294,137754,43572,937
353,48,76,96,2015,638,19,4593,0.77,0.19,9304,296,137804,44051,951
354,52,80,94,2015,640,19,4769,0.77,0.19,9479,293,137804,44340,966
355,59,77,90,2016,645,19,4996,0.77,0.19,9529,297,137855,44760,971
356,43,74,88,2017,648,20,5171,0.77,0.19,9638,294,137906,45637,974
357,29,53,83,2017,652,20,5224,0.76,0.19,9690,297,137906,46476,978
358,10,38,88,2030,656,20,5224,0.75,0.19,9690,306,139846,47011,982
359,17,32,97,2047,659,20,5224,0.75,0.19,9786,302,140842,47258,985
360,23,39,110,2063,662,20,5232,0.75,0.19,9841,303,142527,47475,989
361,33,47,118,2080,667,20,5246,0.75,0.19,9924,302,143924,47813,995
362,40,52,121,2087,671,20,5246,0.75,0.19,9989,299,144327,48073,999
363,43,59,119,2088,674,20,5271,0.75,0.19,10049,293,144379,48341,1002
364,39,48,120,2097,682,20,5283,0.75,0.19,10074,304,145018,48960,1010
365,30,59,126,2113,685,20,5298,0.76,0.19,10120,301,146067,49196,1013
366,35,56,114,2121,686,20,5312,0.75,0.20,10171,295,146603,49394,1014
367,41,53,107,2131,690,20,5312,0.76,0.20,10210,297,147466,49584,1018
368,34,52,110,2139,690,20,5312,0.76,0.20,10343,281,148274,49821,1018
369,21,54,114,2155,695,20,5312,0.74,0.20,10343,291,150008,50100,1023
370,15,35,111,2167,696,20,5312,0.75,0.20,10398,287,151018,50355,1024
371,19,37,121,2185,696,20,5312,0.75,0.20,10420,284,153739,50484,1024
372,26,39,123,2202,700,20,5355,0.75,0.20,10468,286,156505,51602,1028
373,35,51,130,2218,701,20,5398,0.73,0.20,10544,281,158805,53115,1029
374,33,54,130,2235,706,20,5413,0.74,0.20,10569,293,162936,53750,1035
375,16,49,117,2251,711,20,5413,0.75,0.20,10569,303,165324,54217,1040
376,18,39,119,2268,711,21,5413,0.76,0.20,10747,286,168025,54459,1040
377,25,48,125,2285,712,21,5413,0.76,0.20,10823,280,170813,54945,1041
378,23,41,120,2301,722,21,5508,0.76,0.20,10823,300,172755,55833,1051
379,22,37,121,2318,722,21,5508,0.75,0.20,10848,296,175224,56025,1051
380,29,53,125,2331,725,21,5546,0.74,0.20,10987,284,176732,56504,1054
381,29,59,128,2339,730,21,5546,0.75,0.20,10987,294,177511,57202,1059
382,26,63,125,2340,734,21,5546,0.75,0.20,11126,286,177569,57633,1063
383,25,68,123,2340,736,21,5546,0.75,0.20,11177,282,177569,58003,1066
384,21,49,115,2341,744,21,5600,0.75,0.20,11200,294,177628,58766,1075
385,14,38,109,2347,747,21,5613,0.74,0.21,11300,285,178332,59020,1078
386,10,37,108,2360,748,21,5613,0.74,0.21,11363,280,179559,59111,1079
387,10,49,115,2377,749,21,5622,0.74,0.21,11383,280,182608,59410,1080
388,21,66,124,2388,750,22,5634,0.74,0.21,12225,280,183684,59541,1081
389,33,69,122,2388,752,22,5647,0.74,0.21,12238,283,183684,59771,1084
390,22,58,117,2389,758,22,5682,0.73,0.21,12276,290,183924,60296,1091
391,16,36,127,2401,760,22,5710,0.72,0.21,12337,282,185737,60590,1093
392,14,35,135,2418,762,22,5718,0.74,0.21,12337,286,189667,60772,1095
393,21,30,143,2435,763,22,5718,0.75,0.21,12373,282,192300,60884,1096
394,14,29,143,2451,763,22,5725,0.75,0.21,12399,278,194496,61080,1096
395,24,40,133,2468,765,22,5732,0.75,0.21,12399,282,197318,61341,1098
396,15,41,128,2484,766,22,5732,0.74,0.21,12409,282,201350,61509,1099
397,17,43,126,2501,766,22,5732,0.73,0.21,12419,280,203478,61789,1099
398,27,61,123,2514,771,22,5732,0.73,0.21,12438,288,205125,62496,1106
399,30,72,117,2514,777,22,5732,0.73,0.21,12509,290,205125,63154,1113
400,52,79,112,2515,783,22,5758,0.74,0.21,12588,292,205229,63810,1119
401,44,64,104,2516,792,22,5818,0.74,0.21,12617,306,205356,64814,1129
402,37,59,110,2524,794,22,5833,0.75,0.21,12728,294,206260,64944,1131
403,45,58,106,2525,799,22,5833,0.75,0.21,12838,288,206324,65584,1136
404,37,63,98,2530,812,22,5867,0.74,0.22,12936,297,206800,66357,1153
405,40,69,95,2531,816,22,5902,0.74,0.22,13007,291,206865,66790,1158
406,40,64,95,2536,821,23,5902,0.74,0.22,13076,288,207623,67256,1163
407,36,63,92,2540,828,23,5902,0.74,0.22,13131,293,208340,67664,1172
408,45,69,90,2543,833,23,5944,0.74,0.22,13209,290,208576,68571,1177
409,46,68,91,2544,833,23,5944,0.74,0.22,13291,281,208655,68738,1177
410,49,69,90,2546,836,23,5958,0.74,0.22,13317,284,208854,69265,1181
411,56,71,90,2552,842,23,6073,0.74,0.22,13356,290,209364,70057,1188
412,61,70,88,2557,848,23,6126,0.74,0.22,13455,287,209942,70775,1194
413,59,68,90,2562,851,23,6270,0.74,0.22,13527,283,210291,71624,1198
414,56,72,90,2570,859,23,6385,0.74,0.22,13556,295,210969,72391,1206
415,63,71,89,2573,863,23,6567,0.74,0.22,13670,288,211213,73622,1213
416,57,67,86,2583,876,23,6779,0.74,0.22,13860,304,212111,76270,1229
417,56,71,89,2594,884,23,6947,0.74,0.22,14060,299,213841,78264,1238
418,62,73,90,2600,889,23,7142,0.74,0.22,14281,288,214340,79174,1244
419,64,74,90,2606,894,24,7323,0.74,0.22,14402,288,214814,80121,1249
420,63,72,88,2608,898,24,7493,0.74,0.22,14493,290,215023,81288,1255
421,66,72,90,2612,900,24,7774,0.74,0.22,14596,284,216137,81784,1257
422,64,73,89,2619,908,24,8047,0.74,0.23,14692,290,217313,83622,1265
423,61,72,88,2626,916,24,8319,0.74,0.23,14816,290,218086,84687,1274
424,60,69,86,2635,927,24,8592,0.74,0.23,14923,302,218967,85678,1286
425,63,73,89,2644,933,24,8891,0.74,0.23,15083,295,220349,86444,1293
426,62,71,87,2648,939,24,9138,0.74,0.23,15160,298,221109,87342,1299
427,59,71,90,2659,947,24,9430,0.74,0.23,15336,288,222279,88341,1310
428,66,75,91,2663,950,24,9733,0.74,0.23,15378,289,222567,89022,1313
429,63,73,88,2667,956,24,9993,0.74,0.23,15514,285,222856,90125,1321
430,66,75,90,2674,961,24,10164,0.74,0.23,15594,286,223491,90525,1326
431,72,76,91,2676,962,24,10399,0.74,0.23,15667,281,223725,90761,1327
432,73,76,91,2676,962,24,10712,0.74,0.23,15689,278,223725,91211,1327
433,71,74,91,2679,965,24,11089,0.74,0.23,15702,283,224182,92198,1330
434,64,71,90,2684,971,24,11428,0.74,0.23,15739,294,225131,93620,1339
435,62,72,91,2689,975,25,11792,0.74,0.23,15863,290,225597,94653,1344
436,65,76,91,2691,977,25,12170,0.74,0.23,15967,283,225971,95161,1346
437,66,76,93,2698,982,25,12509,0.74,0.23,16049,286,227817,95764,1351
438,65,74,91,2701,987,25,12938,0.74,0.23,16117,288,228144,96357,1356
439,69,76,92,2705,990,25,13341,0.74,0.23,16215,283,228614,96588,1360
440,71,74,90,2706,993,25,13758,0.73,0.24,16255,284,228690,96942,1364
441,72,75,90,2709,995,25,14123,0.73,0.24,16275,285,229002,97156,1366
442,72,76,91,2712,997,25,14565,0.73,0.24,16305,285,229340,97563,1368
443,68,76,90,2715,1001,25,14931,0.73,0.24,16330,290,230052,98273,1373
444,67,75,90,2720,1006,25,15307,0.73,0.24,16392,293,231372,99213,1378
445,60,74,90,2727,1013,25,15685,0.73,0.24,16517,293,231950,100611,1386
446,53,74,90,2739,1025,25,16025,0.73,0.24,16682,302,234091,101744,1399
447,62,77,91,2743,1028,25,16416,0.73,0.24,16815,292,234658,102119,1403
448,71,77,91,2745,1030,25,16730,0.73,0.24,16884,289,234975,102696,1405
449,69,76,91,2751,1036,25,17044,0.73,0.24,16954,291,235622,103188,1411
450,69,73,92,2755,1039,25,17357,0.73,0.24,17036,287,238180,103967,1414
451,68,72,93,2760,1043,25,17723,0.73,0.24,17079,288,239197,104875,1419
452,65,70,90,2765,1051,25,18116,0.73,0.24,17138,298,240343,106289,1429
453,65,75,95,2775,1056,26,18509,0.73,0.24,17287,293,241360,107850,1434
454,62,72,91,2778,1063,26,18902,0.73,0.24,17429,294,241768,108625,1442
455,64,76,94,2783,1065,26,19269,0.73,0.24,17528,285,242269,108992,1444
456,69,78,94,2785,1067,26,19688,0.73,0.24,17577,283,242434,109163,1446
457,72,78,93,2787,1070,26,20120,0.73,0.24,17597,287,242600,109382,1449
458,74,77,93,2788,1071,26,20593,0.73,0.24,17627,285,242722,109637,1450
459,75,77,93,2789,1072,26,21039,0.73,0.25,17644,285,242844,110145,1451
460,73,75,93,2792,1075,26,21498,0.73,0.25,17665,288,243403,110455,1455
461,74,77,95,2796,1077,26,21997,0.73,0.25,17685,291,243959,110689,1457
462,73,75,94,2798,1080,26,22469,0.73,0.25,17740,293,244382,111043,1460
463,75,79,96,2800,1080,26,22888,0.73,0.25,17808,286,244676,111330,1460
464,79,80,99,2803,1080,26,23409,0.73,0.25,17828,284,245030,111651,1460
465,72,77,94,2805,1087,26,23843,0.73,0.25,17909,292,245282,112487,1470
466,74,78,94,2807,1089,26,24290,0.73,0.25,17981,288,245495,112982,1473
467,77,80,95,2808,1089,26,24724,0.73,0.25,18023,283,245582,113189,1473
468,76,80,96,2811,1091,26,25145,0.73,0.25,18033,286,245931,113562,1476
469,77,80,95,2812,1093,26,25526,0.73,0.25,18044,288,246059,115224,1478
470,68,71,91,2818,1103,26,25948,0.73,0.25,18073,313,246833,117612,1490
471,72,80,95,2823,1104,26,26317,0.73,0.25,18412,288,247363,117722,1491
472,79,81,96,2825,1105,26,26749,0.73,0.25,18432,288,247599,117912,1492
473,75,79,95,2828,1109,26,27167,0.73,0.25,18455,293,247903,118310,1496
474,78,80,95,2830,1111,26,27576,0.73,0.25,18506,289,248117,118572,1498
475,79,83,99,2834,1111,26,27966,0.73,0.25,18526,286,248532,118910,1498
476,74,78,92,2834,1118,26,28414,0.73,0.25,18547,298,248532,119765,1508
477,71,82,97,2844,1123,26,28833,0.73,0.26,18648,293,250750,120010,1514
478,74,83,98,2847,1125,26,29269,0.73,0.26,18658,296,251165,120313,1516
479,78,81,96,2848,1128,26,29601,0.73,0.26,18713,295,251275,120730,1519
480,77,79,96,2851,1131,27,29971,0.73,0.26,18828,292,252233,121117,1524
481,77,80,97,2854,1133,27,30289,0.73,0.26,18868,291,252566,121609,1526
482,76,80,96,2856,1136,27,30646,0.72,0.26,18925,289,252788,121957,1530
483,77,80,96,2858,1138,27,31017,0.72,0.26,18966,288,252993,122141,1532
484,77,81,96,2860,1140,27,31270,0.72,0.26,18972,291,253217,122858,1535
485,72,81,97,2868,1147,27,31466,0.72,0.26,19073,292,254183,123880,1544
486,70,82,97,2879,1158,27,31798,0.72,0.26,19202,298,255420,124883,1556
487,74,83,98,2885,1163,27,32117,0.72,0.26,19302,297,256379,125334,1561
488,76,82,98,2886,1164,27,32289,0.73,0.26,19383,288,256756,125668,1562
489,74,82,98,2893,1171,27,32396,0.73,0.26,19464,291,257568,126475,1571
490,76,82,98,2895,1173,27,32618,0.72,0.26,19505,289,257777,126769,1573
491,79,81,98,2896,1174,27,32751,0.72,0.26,19578,282,257872,127130,1574
492,77,79,98,2900,1178,27,32873,0.72,0.26,19586,289,258348,127694,1578
493,72,79,97,2905,1184,27,32925,0.72,0.26,19631,294,258921,128291,1585
494,78,83,99,2909,1186,27,33034,0.72,0.26,19696,288,259648,128784,1588
495,79,85,100,2912,1188,27,33167,0.72,0.27,19726,289,259994,129129,1590
496,74,78,98,2918,1196,27,33321,0.72,0.27,19799,296,260834,130223,1598
497,79,83,99,2920,1197,27,33453,0.72,0.27,19869,285,261111,130730,1600
498,76,83,98,2927,1205,27,33673,0.72,0.27,19900,296,262175,131650,1611
499,76,81,99,2933,1210,27,33738,0.72,0.27,19988,295,263571,132063,1616
500,74,81,98,2938,1216,27,33872,0.72,0.27,20063,297,264246,133448,1624
501,80,83,98,2940,1218,27,34047,0.72,0.27,20147,289,264486,134321,1626
502,77,83,98,2944,1222,27,34182,0.72,0.27,20220,291,264955,134741,1631
503,81,83,97,2946,1225,27,34386,0.72,0.27,20279,291,265151,135565,1635
504,77,83,98,2951,1229,28,34598,0.72,0.27,20386,285,265839,136284,1639
505,74,84,99,2957,1234,28,34680,0.72,0.27,20436,289,266699,136835,1646
506,79,84,100,2960,1236,28,34734,0.72,0.27,20474,287,267101,137219,1649
507,78,85,100,2966,1242,28,34959,0.72,0.27,20534,296,267887,138422,1657
508,77,82,100,2975,1251,28,35101,0.72,0.27,20632,303,269025,139420,1666
509,74,82,100,2979,1255,28,35236,0.72,0.27,20750,294,269583,140127,1672
510,67,77,97,2986,1265,28,35317,0.72,0.27,20819,306,270302,141581,1682
511,70,83,100,2993,1269,28,35614,0.72,0.27,20965,291,272023,142264,1687
512,75,85,100,2997,1273,28,35922,0.72,0.28,21026,292,272765,142978,1691
513,85,88,102,2999,1273,28,36091,0.72,0.28,21085,285,273060,143407,1691
514,82,88,101,3002,1277,28,36217,0.72,0.28,21156,286,273565,144059,1698
515,83,88,102,3005,1279,28,36405,0.72,0.28,21208,285,274003,144596,1701
516,85,87,101,3006,1281,28,36541,0.72,0.28,21235,286,274104,144945,1703
517,86,87,101,3007,1282,28,36783,0.72,0.28,21266,284,274511,145227,1704
518,80,86,101,3013,1288,28,36973,0.71,0.28,21286,297,275734,146778,1710
519,81,86,105,3019,1290,28,37176,0.72,0.28,21394,287,276654,147445,1712
520,79,83,103,3020,1293,28,37298,0.72,0.28,21410,293,276859,148010,1715
521,84,86,102,3021,1295,28,37594,0.71,0.28,21521,285,277270,148236,1718
522,89,89,103,3023,1296,28,37797,0.71,0.28,21537,286,278094,148730,1719
523,84,89,102,3027,1301,28,38053,0.71,0.28,21553,298,279148,149428,1725
524,79,88,102,3037,1311,28,38142,0.69,0.28,21566,321,281869,151818,1737
525,45,60,110,3049,1315,28,38163,0.68,0.28,21704,312,284410,153335,1741
526,19,43,126,3065,1315,28,38163,0.66,0.28,21796,300,288656,153543,1741
527,23,42,135,3082,1318,28,38163,0.67,0.28,21868,296,293401,153987,1744
528,22,51,148,3099,1320,28,38163,0.67,0.28,21876,299,298320,154345,1746
529,34,50,154,3115,1320,28,38163,0.69,0.29,21909,295,302516,154487,1746
530,32,48,122,3132,1324,28,38163,0.68,0.29,21934,301,305776,155513,1751
531,31,55,117,3149,1324,28,38163,0.68,0.29,21963,297,310543,155890,1751
532,46,79,123,3164,1324,29,38163,0.68,0.29,22030,289,314666,156291,1751
533,64,91,122,3165,1326,29,38191,0.68,0.29,22030,295,315090,157284,1753
534,49,76,121,3166,1328,29,38222,0.68,0.29,22058,298,315515,158129,1756
535,26,58,132,3177,1328,29,38222,0.69,0.29,22085,295,317328,159173,1756
536,15,62,149,3194,1328,29,38222,0.68,0.29,22139,289,320077,159319,1756
537,22,64,160,3211,1334,29,38230,0.68,0.29,22139,306,322512,160209,1763
538,25,61,176,3227,1334,29,38261,0.67,0.29,22139,306,326121,160636,1763
539,24,51,184,3244,1334,29,38261,0.67,0.29,22253,289,328447,160972,1763
540,31,80,189,3261,1335,29,38261,0.67,0.29,22253,291,331053,161320,1764
541,62,85,187,3267,1343,29,38296,0.67,0.29,22291,301,332071,161873,1773
542,89,106,182,3268,1349,29,38375,0.67,0.29,22335,306,332179,163378,1780
543,98,121,180,3269,1352,29,38443,0.66,0.29,22368,306,332288,164682,1784
544,46,102,179,3269,1353,29,38443,0.66,0.29,22432,297,332288,165019,1785
545,3,55,180,3270,1353,29,38443,0.66,0.29,22465,291,332397,165145,1785
546,11,56,194,3286,1353,29,38443,0.65,0.29,22476,289,337020,165205,1785
547,21,58,193,3302,1353,29,38443,0.65,0.30,22476,289,344710,165343,1785
548,51,80,203,3316,1353,30,38443,0.65,0.30,23789,289,350076,165556,1785
549,66,90,199,3317,1356,30,38456,0.65,0.30,23796,294,350666,166054,1788
550,55,75,195,3325,1367,30,38496,0.65,0.30,23824,311,353328,167667,1801
551,54,81,180,3342,1370,30,38511,0.65,0.30,23873,308,358151,167921,1805
552,66,89,189,3353,1370,30,38511,0.65,0.30,23977,289,361500,168069,1805
553,59,80,192,3369,1373,30,38551,0.65,0.30,23977,295,365483,168856,1809
554,32,70,186,3385,1379,30,38568,0.65,0.30,23982,306,370195,170185,1815
555,29,59,173,3410,1382,30,38568,0.66,0.30,24009,307,375401,170532,1818
556,31,59,168,3428,1383,30,38733,0.67,0.30,24093,296,379308,172625,1819
557,37,55,166,3445,1388,30,38748,0.67,0.30,24134,306,382744,174058,1826
558,33,53,151,3462,1394,30,38748,0.67,0.30,24157,318,387908,175235,1833
559,34,56,143,3479,1395,30,38748,0.67,0.30,24351,299,394337,175629,1834
560,29,51,151,3496,1395,30,38776,0.66,0.30,24416,292,400000,176171,1834
561,40,82,169,3514,1395,30,38792,0.66,0.31,24444,289,407495,176683,1834
562,59,103,184,3531,1397,30,38904,0.66,0.31,24451,293,412202,178158,1836
563,47,84,188,3548,1406,30,39000,0.66,0.31,24485,311,418038,180257,1846
564,38,78,202,3567,1407,30,39010,0.65,0.31,24591,301,428845,180719,1847
565,32,62,203,3584,1410,30,39073,0.65,0.31,24702,299,434222,181225,1850
566,36,53,215,3601,1411,30,39080,0.65,0.31,24739,297,436904,181741,1851
567,27,45,201,3618,1416,30,39107,0.65,0.31,24778,302,440733,182897,1856
568,30,46,180,3635,1418,30,39107,0.66,0.31,24820,301,447266,184002,1858
569,39,50,172,3652,1422,30,39129,0.66,0.31,24869,303,450748,184410,1863
570,39,57,164,3670,1423,30,39148,0.63,0.31,24945,301,455573,185061,1864
571,33,66,162,3687,1434,30,39171,0.64,0.31,25133,315,460934,187014,1877
572,57,85,178,3704,1434,30,39171,0.64,0.31,25414,289,467862,187304,1877
573,71,87,181,3721,1440,30,39182,0.63,0.32,25414,305,472353,188493,1884
574,79,112,193,3738,1444,31,39182,0.63,0.32,25582,294,475510,188782,1888
575,108,142,208,3755,1446,31,39256,0.63,0.32,25653,294,480183,189089,1890
576,125,162,216,3766,1447,31,39369,0.63,0.32,25695,291,482095,189505,1891
577,138,169,215,3767,1447,31,39510,0.63,0.32,25709,289,482423,190687,1891
578,136,168,213,3772,1454,31,39718,0.63,0.32,25745,302,485756,192768,1898
579,137,166,208,3780,1464,31,40007,0.63,0.32,25964,310,488249,195706,1910
580,123,166,207,3797,1482,31,40306,0.63,0.32,26384,323,495144,198889,1932
581,118,169,209,3811,1494,31,40694,0.63,0.32,26834,309,500675,201818,1949
582,109,160,198,3818,1510,31,41064,0.72,0.32,27018,327,502144,205431,1967
583,113,158,195,3819,1514,32,41495,0.72,0.32,27427,298,502353,206876,1972
584,114,157,194,3821,1517,32,41826,0.72,0.33,27721,293,503354,208425,1976
585,111,156,194,3824,1520,32,42138,0.72,0.33,27749,296,504595,210182,1979
586,112,157,194,3825,1521,32,42602,0.72,0.33,27805,292,504835,211216,1980
587,130,169,205,3844,1528,32,42770,0.72,0.33,28001,303,507232,213964,1988
588,132,171,202,3849,1532,32,43122,0.72,0.33,28352,294,507942,216086,1993
589,122,158,198,3850,1536,32,43455,0.72,0.33,28436,295,508280,219679,1998
590,137,167,207,3865,1542,32,43473,0.72,0.33,28521,303,509805,223812,2005
591,127,158,198,3866,1552,32,43609,0.72,0.33,28932,297,510047,225682,2015
592,108,151,182,3874,1576,32,43813,0.72,0.33,29091,326,511216,230996,2042
593,135,163,196,3892,1579,33,43967,0.72,0.33,29780,301,513946,232386,2045
594,119,133,194,3909,1590,33,44009,0.63,0.33,29901,311,518030,235527,2059
595,69,94,208,3930,1591,33,44009,0.64,0.33,29971,309,522014,236336,2061
596,24,75,218,3949,1592,33,44009,0.63,0.34,30147,293,528354,236749,2062
597,22,93,227,3966,1594,33,44009,0.63,0.34,30189,295,533600,237230,2064
598,65,114,243,3983,1595,33,44021,0.64,0.34,30251,292,537634,237624,2065
599,50,129,249,3996,1601,33,44055,0.64,0.34,30379,299,543917,238968,2071
600,78,148,244,3998,1607,33,44090,0.63,0.34,30478,301,544811,241375,2079
601,94,160,242,3999,1610,33,44342,0.63,0.34,30605,291,544910,242537,2083
602,97,164,237,4014,1630,33,44508,0.63,0.34,30748,305,548653,246012,2108
603,99,161,231,4015,1637,33,44757,0.63,0.34,31035,297,549004,247283,2116
604,98,154,222,4020,1651,33,45315,0.63,0.34,31136,308,552469,249312,2133
605,116,162,226,4031,1658,34,45875,0.63,0.34,31467,297,556042,250076,2140
606,128,168,227,4034,1660,34,46404,0.63,0.34,31670,290,556465,250777,2142
607,128,170,227,4039,1665,34,47182,0.63,0.35,31720,297,558863,252880,2148
608,128,168,225,4042,1670,34,48030,0.63,0.35,31789,307,560183,256467,2153
609,126,172,228,4054,1679,34,48909,0.63,0.35,32135,307,565319,260659,2162
610,125,172,228,4065,1690,34,49782,0.63,0.35,32552,313,568400,264429,2173
611,156,190,225,4069,1697,34,50495,0.63,0.35,32959,310,569109,270446,2181
612,140,198,230,4140,1763,34,50555,0.63,0.35,33120,444,576083,283060,2258
613,128,180,219,4149,1783,35,50606,0.64,0.35,35086,356,577142,287093,2282
614,134,188,215,4153,1791,36,50606,0.63,0.35,36234,298,578407,288919,2293
615,130,167,195,4154,1812,36,50749,0.64,0.35,36361,317,578666,291386,2322
616,131,167,193,4155,1815,36,50749,0.64,0.35,36539,299,578925,292242,2325
617,130,162,188,4162,1827,36,50884,0.64,0.35,36759,310,580173,294088,2341
618,132,161,188,4168,1833,36,51055,0.63,0.36,37032,306,581893,295242,2350
619,139,168,186,4171,1838,36,51442,0.63,0.36,37268,301,582339,297571,2356
620,118,146,179,4192,1866,36,51513,0.63,0.36,37326,376,589642,306335,2387
621,135,165,216,4230,1867,37,51538,0.62,0.36,37899,350,597066,307603,2388
622,98,138,230,4249,1871,37,51576,0.61,0.36,39212,305,602063,309778,2393
623,110,153,242,4266,1873,37,51576,0.61,0.36,39361,297,605124,310374,2396
624,103,132,257,4283,1875,37,51576,0.60,0.36,39418,298,610116,310806,2398
625,69,95,253,4296,1876,37,51576,0.60,0.36,39495,296,615557,311320,2399
626,79,112,245,4297,1884,38,51645,0.60,0.36,41403,311,616099,313043,2417
627,91,124,240,4297,1889,38,51720,0.60,0.36,41665,297,616099,314113,2429
628,98,132,233,4298,1897,38,51790,0.60,0.36,41809,301,616370,315419,2451
629,85,144,236,4305,1901,38,51838,0.60,0.36,41891,301,617233,316345,2459
630,95,150,231,4305,1906,38,51838,0.72,0.36,42002,295,617233,317832,2479
631,96,151,222,4306,1916,38,51897,0.72,0.36,42027,302,617780,320154,2505
632,93,132,217,4307,1922,38,51976,0.72,0.37,42132,302,618513,322156,2519
633,68,84,206,4308,1923,38,51976,0.72,0.37,42185,300,618743,322601,2521
634,32,79,204,4320,1923,38,51976,0.59,0.37,42238,295,621367,322817,2521
635,47,97,204,4321,1923,38,51976,0.59,0.37,42238,295,621505,323173,2521
636,108,134,199,4322,1929,38,51993,0.72,0.37,42238,301,621737,324122,2535
637,109,137,177,4322,1951,39,52093,0.72,0.37,42512,330,621737,328361,2583
638,128,137,173,4329,1962,39,52279,0.72,0.37,43239,318,622649,332300,2605
639,126,136,171,4338,1973,39,52504,0.72,0.37,43554,336,623768,336137,2632
640,82,140,159,4341,1988,39,52604,0.60,0.37,43770,348,624261,340208,2662
641,34,107,162,4349,1993,39,52604,0.61,0.37,44368,320,625048,341704,2674
642,22,58,170,4358,1993,39,52640,0.61,0.37,44526,305,629205,342020,2674
643,18,48,183,4377,1996,40,52657,0.60,0.37,44741,301,634027,342882,2680
644,16,42,190,4393,1997,40,52657,0.68,0.37,44797,301,640120,343000,2682
645,17,44,157,4410,1998,40,52657,0.68,0.37,44853,301,644591,343374,2684
646,23,41,121,4427,1998,40,52691,0.61,0.37,44931,295,648780,343783,2684
647,17,48,124,4443,1999,40,52759,0.61,0.37,45044,295,656076,344182,2686
648,33,67,140,4461,2001,40,52759,0.72,0.37,45065,296,661261,345330,2690
649,38,88,153,4478,2005,40,52759,0.72,0.38,45117,299,667141,346096,2698
650,59,97,155,4482,2006,40,52788,0.72,0.38,45170,294,668349,346704,2702
651,45,82,145,4490,2008,40,52799,0.61,0.38,45170,298,670950,348995,2706
652,26,56,146,4507,2008,40,52799,0.61,0.38,45181,296,680395,349875,2706
653,18,42,155,4524,2008,40,52799,0.61,0.38,45205,292,687679,350301,2706
654,18,43,169,4540,2010,40,52799,0.61,0.38,45205,296,692822,350708,2710
655,19,40,170,4557,2011,40,52799,0.60,0.38,45205,299,697314,350917,2714
656,18,37,165,4574,2014,40,52840,0.59,0.38,45234,303,704597,351661,2717
657,28,43,153,4591,2014,40,52840,0.59,0.38,45277,297,710748,351788,2717
658,31,51,117,4607,2014,40,52840,0.59,0.38,45307,293,716835,352215,2717
659,17,45,124,4624,2017,40,52840,0.59,0.38,45314,298,722968,353221,2720
