t,kind,id,detail
3.9,small_place,abandoned_car,
18.4,small_place,picnic,
35.4,level,2,
55.3,small_place,mailbox,
62.6,chest,chest_lore,lore
62.6,level,3,
74.0,event_start,stampede,duration=26
90.0,elite,charognard,distance=634
100.0,event_end,stampede,failure
100.2,level,4,
131.9,small_place,well,
139.0,elite,fading_spitter,distance=575
139.4,small_place,crystal_vein,
142.0,variant_killed,elite,
148.4,small_place,crystal_vein,
165.8,chest,chest_epic,epic
165.8,level,5,
178.3,elite,shadow_crawler,distance=390
184.8,small_place,abandoned_car,
194.4,small_place,phone_booth,
207.5,small_place,crystal_vein,
216.8,elite,shadow_crawler,distance=569
219.9,crisis_warning,1,countdown=20
226.2,small_place,bus_shelter,
239.9,phase,Crisis,Exploration
239.9,crisis_start,1,intensity=1
240.0,aberration,fading_spitter,distance=390
240.0,aberration,hurleur,distance=439
241.3,aberration,shade,distance=411
241.3,aberration,shade,distance=557
241.5,aberration,shade,distance=519
242.5,aberration,shade,distance=253
242.5,aberration,shade,distance=222
243.0,aberration,shade,distance=288
243.1,level,6,
243.5,aberration,wailing_sentinel,distance=555
246.0,aberration,shade,distance=478
246.3,aberration,void_brute,distance=631
246.3,aberration,void_brute,distance=678
246.8,aberration,shade,distance=296
249.1,chest,chest_common,common
252.7,level,7,
253.3,aberration,hurleur,distance=551
253.3,aberration,void_brute,distance=570
253.5,aberration,charognard,distance=498
254.0,aberration,tisseuse,distance=452
254.3,aberration,tisseuse,distance=336
254.3,aberration,void_brute,distance=565
254.5,aberration,shade,distance=589
254.8,aberration,shade,distance=506
255.8,aberration,tisseuse,distance=389
255.8,aberration,tisseuse,distance=370
255.8,aberration,tisseuse,distance=369
255.8,aberration,tisseuse,distance=395
256.3,aberration,void_brute,distance=347
256.4,small_place,mine_cart,
257.8,aberration,presage,distance=517
262.0,aberration,void_brute,distance=458
262.3,aberration,shade,distance=533
262.5,aberration,shade,distance=488
262.5,aberration,shade,distance=358
262.8,aberration,void_brute,distance=505
263.3,aberration,fading_spitter,distance=613
263.3,aberration,hurleur,distance=363
263.5,aberration,presage,distance=501
263.8,aberration,shade,distance=464
264.3,elite,fading_spitter,distance=353
264.5,aberration,hurleur,distance=260
264.8,aberration,shade,distance=550
264.8,aberration,shade,distance=534
265.0,aberration,tisseuse,distance=325
265.3,aberration,hurleur,distance=402
265.5,aberration,charognard,distance=397
265.8,aberration,shade,distance=465
266.3,aberration,shade,distance=497
266.5,aberration,hurleur,distance=375
266.8,aberration,shade,distance=452
267.0,aberration,hurleur,distance=520
267.3,aberration,shade,distance=462
267.5,aberration,tisseuse,distance=325
268.0,level,8,
268.0,aberration,void_brute,distance=434
268.3,aberration,shade,distance=513
268.5,aberration,shade,distance=421
269.3,aberration,tisseuse,distance=444
270.0,aberration,void_brute,distance=553
270.3,aberration,shade,distance=555
270.5,aberration,charognard,distance=530
270.8,aberration,hurleur,distance=610
271.3,aberration,tisseuse,distance=574
271.5,aberration,tisseuse,distance=501
271.5,aberration,tisseuse,distance=418
272.5,aberration,tisseuse,distance=308
272.8,aberration,presage,distance=648
273.3,aberration,hurleur,distance=365
274.2,level,9,
278.0,level,10,
278.3,aberration,charognard,distance=259
280.0,aberration,hurleur,distance=555
280.3,aberration,hurleur,distance=594
281.3,aberration,void_brute,distance=299
281.5,aberration,void_brute,distance=264
281.5,aberration,hurleur,distance=516
281.8,aberration,shade,distance=541
282.0,aberration,presage,distance=455
282.0,aberration,charognard,distance=351
282.3,level,11,
284.0,aberration,hurleur,distance=473
284.3,aberration,void_brute,distance=546
284.8,level,12,
285.0,aberration,charognard,distance=385
285.3,aberration,charognard,distance=405
286.1,level,13,
286.3,aberration,presage,distance=334
286.5,aberration,presage,distance=344
286.8,aberration,shade,distance=542
288.5,aberration,shade,distance=573
289.3,aberration,tisseuse,distance=488
289.5,aberration,hurleur,distance=363
290.0,level,14,
291.3,aberration,shade,distance=353
294.0,level,15,
295.5,aberration,hurleur,distance=533
297.0,aberration,shade,distance=534
297.0,aberration,shade,distance=551
297.3,aberration,shade,distance=570
297.3,aberration,presage,distance=553
297.5,aberration,hurleur,distance=424
300.8,aberration,void_brute,distance=567
301.2,level,16,
301.5,aberration,presage,distance=336
301.8,aberration,shade,distance=561
302.3,aberration,shade,distance=416
302.3,aberration,charognard,distance=590
306.0,aberration,charognard,distance=577
306.5,aberration,charognard,distance=539
306.5,aberration,charognard,distance=517
308.0,aberration,hurleur,distance=387
308.3,aberration,shade,distance=639
308.6,level,17,
308.8,aberration,charognard,distance=295
309.7,calm_start,,
309.7,crisis_end,1,
309.7,phase,Exploration,Crisis
313.8,level,18,
315.0,elite,charognard,distance=596
319.2,variant_killed,elite,
320.7,level,19,
324.9,level,20,
326.6,variant_killed,elite,
327.1,small_place,scarecrow,
332.4,small_place,picnic,
336.5,chest,chest_common,common
339.7,calm_end,,
349.7,event_start,shard_rain,duration=18
353.3,level,21,
358.0,elite,presage,distance=483
367.7,event_end,shard_rain,success
368.6,level,22,
392.4,level,23,
399.3,elite,shadow_crawler,distance=577
426.7,level,24,
444.0,elite,rodeur,distance=650
451.7,level,25,
454.5,event_start,hunt,duration=70
454.5,champion,shadow_crawler,distance=470
467.8,variant_killed,champion,
467.8,event_end,hunt,success
469.6,small_place,bus_shelter,
473.4,chest,chest_rare,rare
484.8,level,26,
489.8,small_place,picnic,
494.8,elite,charognard,distance=437
498.8,variant_killed,elite,
514.4,level,27,
531.7,small_place,picnic,
537.3,elite,charognard,distance=514
550.3,chest,chest_epic,epic
550.8,crisis_warning,2,countdown=20
561.3,level,28,
565.9,variant_killed,elite,
570.8,phase,Crisis,Exploration
570.8,crisis_start,2,intensity=1
571.0,aberration,shade,distance=324
571.0,aberration,hurleur,distance=578
571.0,aberration,hurleur,distance=573
571.3,aberration,hurleur,distance=355
571.5,aberration,hurleur,distance=538
571.5,aberration,shade,distance=481
571.8,aberration,shade,distance=498
572.3,aberration,void_brute,distance=477
572.3,aberration,presage,distance=570
572.3,aberration,presage,distance=600
572.5,aberration,charognard,distance=336
572.8,elite,charognard,distance=307
572.8,aberration,shade,distance=613
573.3,aberration,shade,distance=452
573.5,aberration,presage,distance=569
573.8,aberration,tisseuse,distance=555
574.0,aberration,wailing_sentinel,distance=653
574.5,aberration,void_brute,distance=646
575.0,aberration,void_brute,distance=448
575.5,aberration,shade,distance=561
575.5,aberration,rampant,distance=588
575.8,aberration,presage,distance=658
576.0,aberration,wailing_sentinel,distance=441
576.8,aberration,shade,distance=442
577.8,aberration,fading_spitter,distance=551
577.8,aberration,fading_spitter,distance=531
578.5,aberration,fading_spitter,distance=300
578.8,aberration,presage,distance=389
579.0,aberration,hurleur,distance=608
579.3,aberration,shade,distance=287
579.3,aberration,shade,distance=291
579.8,aberration,shade,distance=399
579.8,aberration,shade,distance=509
580.3,aberration,hurleur,distance=512
580.5,aberration,presage,distance=333
580.5,aberration,presage,distance=306
580.5,aberration,rampant,distance=552
580.8,aberration,void_brute,distance=276
580.8,aberration,void_brute,distance=281
581.0,aberration,void_brute,distance=220
581.0,aberration,void_brute,distance=436
581.3,aberration,shade,distance=477
581.5,aberration,hurleur,distance=518
582.3,aberration,void_brute,distance=339
583.0,aberration,fading_spitter,distance=528
583.3,aberration,void_brute,distance=361
583.3,aberration,rampant,distance=575
583.5,aberration,rampant,distance=366
583.8,aberration,shadow_crawler,distance=609
583.8,aberration,void_brute,distance=307
584.0,aberration,void_brute,distance=579
584.3,aberration,hurleur,distance=401
584.8,aberration,shade,distance=540
584.8,aberration,shade,distance=553
585.5,level,29,
586.5,aberration,shadow_crawler,distance=364
586.5,aberration,shadow_crawler,distance=309
586.8,aberration,presage,distance=601
588.0,aberration,shade,distance=460
588.3,aberration,presage,distance=393
588.5,aberration,tisseuse,distance=573
588.5,aberration,tisseuse,distance=464
588.8,aberration,void_brute,distance=479
589.3,aberration,hurleur,distance=629
589.3,aberration,hurleur,distance=610
589.3,aberration,hurleur,distance=648
589.5,aberration,hurleur,distance=563
590.0,aberration,hurleur,distance=389
590.3,aberration,presage,distance=565
590.8,aberration,void_brute,distance=542
591.0,aberration,tisseuse,distance=404
591.3,aberration,tisseuse,distance=419
592.3,aberration,wailing_sentinel,distance=610
592.5,aberration,rampant,distance=398
593.0,aberration,hurleur,distance=440
593.0,aberration,hurleur,distance=417
593.0,aberration,hurleur,distance=431
593.3,aberration,hurleur,distance=427
593.3,aberration,shade,distance=580
593.8,aberration,void_brute,distance=503
593.8,aberration,void_brute,distance=512
593.8,aberration,void_brute,distance=494
594.3,aberration,void_brute,distance=392
595.3,aberration,tisseuse,distance=381
595.3,aberration,wailing_sentinel,distance=370
595.5,aberration,shade,distance=533
595.8,aberration,shade,distance=376
596.0,aberration,fading_spitter,distance=423
596.3,aberration,charognard,distance=407
597.3,aberration,presage,distance=366
597.5,aberration,presage,distance=367
597.5,aberration,void_brute,distance=327
598.3,aberration,charognard,distance=363
598.3,aberration,charognard,distance=356
598.5,aberration,void_brute,distance=548
599.3,aberration,shade,distance=407
600.0,aberration,void_brute,distance=530
600.3,aberration,void_brute,distance=526
600.5,aberration,hurleur,distance=515
600.5,aberration,shade,distance=562
600.5,aberration,shade,distance=391
600.8,aberration,presage,distance=626
601.0,aberration,shade,distance=429
601.8,aberration,tisseuse,distance=379
602.3,aberration,void_brute,distance=363
602.8,aberration,wailing_sentinel,distance=576
602.8,aberration,shade,distance=524
604.3,aberration,shade,distance=558
604.3,aberration,shade,distance=538
604.3,aberration,shade,distance=350
605.8,aberration,charognard,distance=355
606.3,aberration,tisseuse,distance=409
606.3,aberration,hurleur,distance=554
606.5,aberration,shade,distance=374
606.5,aberration,shade,distance=326
606.5,aberration,presage,distance=329
606.8,aberration,presage,distance=357
606.8,aberration,void_brute,distance=333
607.3,aberration,shade,distance=330
607.5,aberration,shade,distance=410
607.5,aberration,shade,distance=434
608.0,aberration,hurleur,distance=533
608.5,aberration,hurleur,distance=554
608.8,aberration,tisseuse,distance=356
609.3,aberration,hurleur,distance=586
609.3,aberration,hurleur,distance=567
609.3,aberration,hurleur,distance=570
610.0,aberration,rampant,distance=571
610.0,aberration,shade,distance=308
610.3,aberration,wailing_sentinel,distance=316
611.0,aberration,shade,distance=577
611.8,aberration,wailing_sentinel,distance=445
612.0,aberration,void_brute,distance=560
612.0,aberration,shade,distance=482
612.0,aberration,wailing_sentinel,distance=354
612.3,aberration,shade,distance=301
613.0,elite,fading_spitter,distance=515
613.3,aberration,shade,distance=569
613.5,aberration,rampant,distance=331
613.8,aberration,shade,distance=620
613.8,aberration,void_brute,distance=504
614.3,aberration,fading_spitter,distance=480
614.8,aberration,void_brute,distance=625
615.0,aberration,wailing_sentinel,distance=634
615.0,level,30,
615.8,aberration,wailing_sentinel,distance=574
616.3,aberration,wailing_sentinel,distance=342
616.8,aberration,hurleur,distance=457
617.3,aberration,rampant,distance=442
618.8,aberration,rampant,distance=428
619.3,aberration,fading_spitter,distance=313
619.5,variant_killed,elite,
620.5,aberration,tisseuse,distance=640
621.8,aberration,hurleur,distance=531
622.3,aberration,wailing_sentinel,distance=408
623.0,aberration,shadow_crawler,distance=384
624.8,aberration,void_brute,distance=536
625.0,aberration,shade,distance=392
625.3,aberration,shade,distance=331
625.5,aberration,shadow_crawler,distance=379
626.5,aberration,hurleur,distance=665
626.8,aberration,fading_spitter,distance=586
627.0,aberration,wailing_sentinel,distance=389
627.3,aberration,rampant,distance=566
627.5,aberration,presage,distance=345
628.3,aberration,hurleur,distance=600
628.8,level,31,
629.3,aberration,rampant,distance=664
630.5,aberration,void_brute,distance=415
630.8,aberration,charognard,distance=515
630.8,aberration,tisseuse,distance=376
630.8,aberration,presage,distance=334
631.3,aberration,shade,distance=392
631.5,aberration,shade,distance=591
631.5,aberration,shade,distance=583
631.5,aberration,hurleur,distance=360
631.8,aberration,shade,distance=588
631.8,aberration,wailing_sentinel,distance=551
632.3,aberration,hurleur,distance=619
632.5,aberration,presage,distance=601
633.4,small_place,mine_cart,
633.5,aberration,void_brute,distance=590
633.5,aberration,void_brute,distance=579
633.8,aberration,rampant,distance=549
634.0,aberration,void_brute,distance=361
634.5,aberration,hurleur,distance=656
634.5,aberration,hurleur,distance=711
635.5,aberration,void_brute,distance=552
636.5,aberration,wailing_sentinel,distance=331
636.8,aberration,hurleur,distance=466
636.8,aberration,tisseuse,distance=509
637.3,aberration,wailing_sentinel,distance=569
637.5,aberration,wailing_sentinel,distance=617
638.0,aberration,void_brute,distance=619
638.3,aberration,shade,distance=472
638.5,aberration,shade,distance=261
638.8,aberration,shade,distance=222
639.0,aberration,shade,distance=258
639.3,aberration,shade,distance=317
639.8,aberration,tisseuse,distance=311
640.3,aberration,shade,distance=584
640.3,aberration,shade,distance=529
640.8,aberration,void_brute,distance=569
640.8,calm_start,,
640.8,crisis_end,2,
640.8,phase,Exploration,Crisis
642.5,chest,chest_rare,rare
646.9,chest,chest_rare,rare
654.3,elite,rampant,distance=368
