keys,fr,en
UI_MOBILITY,Mobilité,Mobility
UI_SETTINGS,PARAMETRES,SETTINGS
UI_CLOSE,"[Echap] ou [X] Fermer","[Esc] or [X] Close"
UI_AUDIO,Audio,Audio
UI_GRAPHICS,Graphismes,Graphics
UI_CONTROLS,Controles,Controls
UI_MASTER_VOLUME,Volume global,Master Volume
UI_MUSIC,Musique,Music
UI_SFX,Effets sonores,Sound Effects
UI_AMBIANCE,Ambiance,Ambiance
UI_FULLSCREEN,Plein ecran,Fullscreen
UI_PARTICLES,Particules,Particles
UI_PARTICLES_ALL,Toutes,All
UI_PARTICLES_REDUCED,Reduites,Reduced
UI_PARTICLES_OFF,Desactivees,Disabled
UI_YES,OUI,YES
UI_NO,NON,NO
UI_LANGUAGE,Langue,Language
UI_COLORBLIND,Filtre daltonien,Colorblind Filter
UI_COLORBLIND_OFF,Desactive,Off
UI_COLORBLIND_PROTANOPIA,Protanopie,Protanopia
UI_COLORBLIND_DEUTERANOPIA,Deuteranopie,Deuteranopia
UI_COLORBLIND_TRITANOPIA,Tritanopie,Tritanopia
UI_REMAP_TITLE,Configuration des touches,Key Bindings
UI_REMAP_HINT,Cliquer pour modifier,Click to change
UI_REMAP_WAITING,Appuyer sur une touche...,Press a key...
UI_REMAP_RESET,Reinitialiser,Reset
UI_MOVE_UP,Haut,Up
UI_MOVE_DOWN,Bas,Down
UI_MOVE_LEFT,Gauche,Left
UI_MOVE_RIGHT,Droite,Right
UI_INTERACT,Interagir,Interact
UI_JOURNAL,Journal,Journal
UI_PAUSE,Pause,Pause
GAME_NIGHT_SURVIVED,"{0} crise(s) survecue(s)","{0} crisis/crises survived"
GAME_DEAD_BEFORE_NIGHT,Mort avant la premiere crise,Died before the first crisis
GAME_COMBAT,Combat,Combat
GAME_SURVIVAL,Survie,Survival
GAME_BONUS,Bonus (crises et exploits),Bonus (crises and milestones)
GAME_BUILD,Construction,Building
GAME_EXPLORATION,Exploration,Exploration
GAME_KILLS,Kills,Kills
GAME_NEW_RECORD,NOUVEAU RECORD !,NEW RECORD!
GAME_BEST_SCORE,Meilleur : {0},Best: {0}
GAME_SEED,Seed : {0},Seed: {0}
GAME_VESTIGES,+{0} Vestiges,+{0} Vestiges
GAME_UNLOCKED,debloque !,unlocked!
GAME_MULTIPLIER,Multiplicateur,Multiplier
GAME_MUTATORS,modificateurs,modifiers
HUD_REPAIR,[E] Reparer ({0}%),[E] Repair ({0}%)
HUD_HARVEST,"[E] Recolter {0}","[E] Harvest {0}"
HUD_WOOD,Bois,Wood
HUD_STONE,Pierre,Stone
HUD_METAL,Metal,Metal
HUD_NIGHT_SUMMARY,"Crise {0} survecue !\nKills : {1} — Score : +{2}","Crisis {0} survived!\nKills: {1} — Score: +{2}"
CHEST_COMMON,COFFRE,CHEST
CHEST_EPIC,COFFRE ÉPIQUE,EPIC CHEST
CHEST_RARE,COFFRE RARE,RARE CHEST
CHEST_LORE,COFFRE ANCESTRAL,ANCESTRAL CHEST
RARITY_COMMON,Commun,Common
RARITY_UNCOMMON,Inhabituel,Uncommon
RARITY_RARE,Rare,Rare
RARITY_EPIC,Épique,Epic
RARITY_LEGENDARY,Légendaire,Legendary
RARITY_LORE,Ancien,Ancient
CHEST_OPEN_PROMPT,Ouvrir,Open
CHEST_LOOT_ESSENCE,Essence ×{0},Essence ×{0}
CHEST_LOOT_XP,+{0} XP,+{0} XP
CHEST_LOOT_SOUVENIR,Souvenir : {0},Memory: {0}
CHEST_LOOT_WEAPON,Arme : {0},Weapon: {0}
CHEST_LOOT_PERK,Don : {0},Boon: {0}
STAT_DAMAGE,Dégâts,Damage
STAT_ATTACK_SPEED,Cadence,Attack rate
STAT_MAX_HP,PV max,Max HP
STAT_SPEED,Vitesse,Speed
STAT_AOE,Zone,Area
STAT_XP_RANGE,Aimant,Magnet
STAT_ARMOR,Armure,Armor
STAT_CRIT,Critique,Crit chance
STAT_REGEN,Régénération,Regeneration
STAT_RANGE,Portée,Range
STAT_PROJECTILES,Projectiles,Projectiles
STAT_CDR,Réduction de recharge,Cooldown reduction
STAT_PIERCE,Perçage,Pierce
STAT_LIFESTEAL,Vampirisme,Lifesteal
STAT_DODGE,Esquive,Dodge
STAT_THORNS,Épines,Thorns
STAT_IGNITE,Embrasement,Ignite
STAT_RICOCHET,Ricochet,Ricochet
STAT_LUCK,Chance,Luck
STAT_PERIL,Péril,Peril
PERIL_CREATURES,Créatures,Creatures
PERIL_REWARDS,Gains,Rewards
STAT_BONUS_PROJ,Projectiles en plus,Extra projectiles
WEAPON_BOW,Arc,Bow
WEAPON_LINE,Ligne,Line
WEAPON_CIRCLE,Cercle,Circle
WEAPON_ORBITAL,Orbital,Orbital
WEAPON_BURST,Rafale,Burst
WEAPON_CHAIN,Chaine,Chain
WEAPON_HOMING,Guide,Homing
WEAPON_GROUND,Sol,Ground
PAUSE_TITLE,HALTE DANS LE VIDE,HALT IN THE VOID
PAUSE_SUBTITLE,"Le monde se fige, mais ta memoire reste eveillee.","The world freezes, but your memory stays awake."
PAUSE_RESUME,Reprendre,Resume
PAUSE_SETTINGS,Parametres,Settings
PAUSE_HUB,Retour au Hub,Return to Hub
PAUSE_QUIT,Quitter,Quit
PAUSE_HINT,[Echap] Reprendre la traversee,[Esc] Resume the crossing
PAUSE_STATUS,ETAT DU PASSEUR,TRAVELER STATUS
PAUSE_STATUS_DESC,Lecture instantanee de la run en cours.,Instant readout of the current run.
HUB_SETTINGS,Parametres,Settings
HUB_QUIT,Quitter,Quit
HUB_NO_CHARACTER,Aucun personnage selectionne,No character selected
HUB_SELECTED,SELECTIONNE,SELECTED
HUB_SEED_HINT,vide = aleatoire,empty = random
HUB_MUTATORS,Mutateurs de difficulte,Difficulty Mutators
HUB_KITS,Kits de depart,Starting Kits
HUB_PURCHASED,Achete,Purchased
JOURNAL_TITLE,SOUVENIRS,MEMORIES
JOURNAL_CLOSE,[Echap] Fermer,[Esc] Close
JOURNAL_CONSTELLATIONS,Constellations,Constellations
JOURNAL_FRAGMENTS,{0} / {1} fragments,{0} / {1} fragments
JOURNAL_SELECT,Selectionner un fragment pour le lire.,Select a fragment to read.
LOADING_SHADERS,Preparation des shaders...,Preparing shaders...
LOADING_CREATURES,Preparation des creatures...,Preparing creatures...
LOADING_INIT,Initialisation...,Initializing...
UI_DEV_MODE,MODE DEV · Tout débloqué,DEV MODE · All unlocked
UI_DEV_TOGGLE,Dev : tout débloqué,Dev: unlock everything
UI_DEV_TOGGLE_HINT,Profil séparé. Recharge le Hub et mémorise le choix pour F5.,Separate profile. Reloads the Hub and remembers the choice for F5.
UI_HUD_LEVEL,NIV.,LVL
UI_HUD_SCORE,SCORE,SCORE
UI_HUD_ESSENCE,{0} Essence,{0} Essence
UI_HUD_PHASE_EXPLORATION,EXPLORATION,EXPLORATION
UI_HUD_PHASE_CRISIS,RÉSURGENCE,RESURGENCE
UI_HUD_PHASE_LATE,EFFACEMENT AVANCÉ,DEEP ERASURE
UI_HUD_PHASE_ENDGAME,AU-DELÀ,BEYOND
UI_HUD_PHASE_DEATH,FIN,END
UI_HUD_CRISIS_IN,Résurgence dans {0} s,Resurgence in {0} s
UI_HUD_CRISIS,Résurgence {0},Resurgence {0}
UI_HUD_CRISIS_INTENSITY,Résurgence {0} — intensité {1},Resurgence {0} — intensity {1}
EVENT_HUNT_TITLE,Un Souverain approche,A Sovereign approaches
EVENT_HUNT_OBJECTIVE,Abattez le {0} avant son effacement,Slay the {0} before it fades
EVENT_HUNT_OBJECTIVE_F,Abattez la {0} avant son effacement,Slay the {0} before it fades
EVENT_STAMPEDE_TITLE,La Harde,The Stampede
EVENT_STAMPEDE_OBJECTIVE,Fauchez la harde avant qu'elle ne passe — {0} / {1},Cut down the stampede before it passes — {0} / {1}
EVENT_RELIC_TITLE,Un vestige tombe,A relic falls
EVENT_RELIC_OBJECTIVE_FALL,Impact imminent — sortez du cercle,Impact incoming — leave the circle
EVENT_RELIC_OBJECTIVE,Récupérez le vestige,Recover the relic
EVENT_VIGIL_TITLE,La Veille,The Vigil
EVENT_VIGIL_OBJECTIVE,Tenez le cercle de mémoire,Hold the circle of memory
EVENT_SHARDS_TITLE,Averse d'éclats,Shard Rain
EVENT_SHARDS_OBJECTIVE,Attirez les créatures sous les éclats — {0} fauchées,Lure creatures under the shards — {0} felled
EVENT_SHARDS_SUMMARY,{0} créatures fauchées,{0} creatures felled
EVENT_RESULT_SUCCESS,Réussi,Success
EVENT_RESULT_FAIL,Échoué,Failed
EVENT_REWARD_XP,Savoir,Knowledge
EVENT_REWARD_ESSENCE,+{0} Essence,+{0} Essence
EVENT_REWARD_CHEST,Coffre,Chest
EVENT_REWARD_HEAL,Soins,Healing
EVENT_FAIL_FADED,Effacé avant d'être abattu,Faded before it fell
EVENT_FAIL_ESCAPED,La harde est passée,The stampede got away
EVENT_FAIL_RELIC,Le vestige s'est dissous,The relic dissolved
EVENT_FAIL_VIGIL,La veille a été rompue,The vigil was broken
EVENT_VARIANT_SLAIN,Vaincu : {0},Defeated: {0}
STAT_KNOCKBACK,Recul,Knockback
STAT_PROJECTILE_SPEED,Vitesse des tirs,Projectile speed
STAT_ORBIT_SPEED,Rotation,Orbit speed
STAT_CHAIN_RANGE,Portée des rebonds,Bounce range
STAT_HOMING,Guidage,Homing
STAT_CHAIN_TARGETS,Rebonds,Bounces
STAT_ORBITALS,Notes,Notes
LEVELUP_TITLE,FRAGMENT DE MÉMOIRE,MEMORY FRAGMENT
LEVELUP_NEW_WEAPON,NOUVELLE ARME,NEW WEAPON
LEVELUP_NEW_PASSIVE,NOUVEAU PASSIF,NEW PASSIVE
LEVELUP_LEVEL,Niv {0} → {1},Lv {0} → {1}
LEVELUP_MELEE,Mêlée,Melee
LEVELUP_RANGED,Distance,Ranged
LEVELUP_REROLL,Relancer ({0}),Reroll ({0})
LEVELUP_BANISH,Bannir ({0}),Banish ({0})
LEVELUP_BANISH_CANCEL,Annuler,Cancel
LEVELUP_SKIP,Passer,Skip
LEVELUP_BANISH_HINT,Choisis la carte à bannir pour toute la partie,Pick the card to banish for the whole run
